#include "lvgl.h"

// Auto-generated from logo.jpg
// Size: 120x120, Format: RGB565 (LV_COLOR_16_SWAP=1)

#ifndef LV_ATTRIBUTE_MEM_ALIGN
#define LV_ATTRIBUTE_MEM_ALIGN
#endif

const LV_ATTRIBUTE_MEM_ALIGN LV_ATTRIBUTE_LARGE_CONST uint8_t boot_logo_map[] = {
  0xff, 0xff,  0xff, 0xff,  0xff, 0xff,  0xff, 0xff,  0xff, 0xff,  0xff, 0xff,  0xff, 0xff,  0xff, 0xff,  0xff, 0xff,  0xff, 0xff,  0xff, 0xff,  0xff, 0xff,
  0xff, 0xff,  0xff, 0xff,  0xff, 0xff,  0xff, 0xff,  0xff, 0xff,  0xff, 0xff,  0xff, 0xff,  0xff, 0xff,  0xff, 0xff,  0xff, 0xff,  0xff, 0xff,  0xff, 0xff,
  0xff, 0xff,  0xff, 0xff,  0xff, 0xff,  0xff, 0xff,  0xff, 0xff,  0xff, 0xff,  0xff, 0xff,  0xff, 0xff,  0xff, 0xff,  0xff, 0xff,  0xff, 0xff,  0xff, 0xff,
  0xff, 0xff,  0xff, 0xff,  0xff, 0xff,  0xff, 0xff,  0xff, 0xff,  0xff, 0xff,  0xff, 0xff,  0xff, 0xff,  0xff, 0xff,  0xff, 0xff,  0xff, 0xff,  0xff, 0xff,
  0xff, 0xff,  0xff, 0xff,  0xff, 0xff,  0xff, 0xff,  0xff, 0xff,  0xff, 0xff,  0xff, 0xff,  0xff, 0xff,  0xff, 0xff,  0xff, 0xff,  0xff, 0xff,  0xff, 0xff,
  0xff, 0xff,  0xff, 0xff,  0xff, 0xff,  0xff, 0xff,  0xff, 0xff,  0xff, 0xff,  0xff, 0xff,  0xff, 0xff,  0xff, 0xff,  0xff, 0xff,  0xff, 0xff,  0xff, 0xff,
  0xff, 0xff,  0xff, 0xff,  0xff, 0xff,  0xff, 0xff,  0xff, 0xff,  0xff, 0xff,  0xff, 0xff,  0xff, 0xff,  0xff, 0xff,  0xff, 0xff,  0xff, 0xff,  0xff, 0xff,
  0xff, 0xff,  0xff, 0xff,  0xff, 0xff,  0xff, 0xff,  0xff, 0xff,  0xff, 0xff,  0xff, 0xff,  0xff, 0xff,  0xff, 0xff,  0xff, 0xff,  0xff, 0xff,  0xff, 0xff,
  0xff, 0xff,  0xff, 0xff,  0xff, 0xff,  0xff, 0xff,  0xff, 0xff,  0xff, 0xff,  0xff, 0xff,  0xff, 0xff,  0xff, 0xff,  0xff, 0xff,  0xff, 0xff,  0xff, 0xff,
  0xff, 0xff,  0xff, 0xff,  0xff, 0xff,  0xff, 0xff,  0xff, 0xff,  0xff, 0xff,  0xff, 0xff,  0xff, 0xff,  0xff, 0xff,  0xff, 0xff,  0xff, 0xff,  0xff, 0xff,
  0xff, 0xff,  0xff, 0xff,  0xff, 0xff,  0xff, 0xff,  0xff, 0xff,  0xff, 0xff,  0xff, 0xff,  0xff, 0xff,  0xff, 0xff,  0xff, 0xff,  0xff, 0xff,  0xff, 0xff,
  0xff, 0xff,  0xff, 0xff,  0xff, 0xff,  0xff, 0xff,  0xff, 0xff,  0xff, 0xff,  0xff, 0xff,  0xff, 0xff,  0xff, 0xff,  0xff, 0xff,  0xff, 0xff,  0xff, 0xff,
  0xff, 0xff,  0xff, 0xff,  0xff, 0xff,  0xff, 0xff,  0xff, 0xff,  0xff, 0xff,  0xff, 0xff,  0xff, 0xff,  0xff, 0xff,  0xff, 0xff,  0xff, 0xff,  0xff, 0xff,
  0xff, 0xff,  0xff, 0xff,  0xff, 0xff,  0xff, 0xff,  0xff, 0xff,  0xff, 0xff,  0xff, 0xff,  0xff, 0xff,  0xff, 0xff,  0xff, 0xff,  0xff, 0xff,  0xff, 0xff,
  0xff, 0xff,  0xff, 0xff,  0xff, 0xff,  0xff, 0xff,  0xff, 0xff,  0xff, 0xff,  0xff, 0xff,  0xff, 0xff,  0xff, 0xff,  0xff, 0xff,  0xff, 0xff,  0xff, 0xff,
  0xff, 0xff,  0xff, 0xff,  0xff, 0xff,  0xff, 0xff,  0xff, 0xff,  0xff, 0xff,  0xff, 0xff,  0xff, 0xff,  0xff, 0xff,  0xff, 0xff,  0xff, 0xff,  0xff, 0xff,
  0xff, 0xff,  0xff, 0xff,  0xff, 0xff,  0xff, 0xff,  0xff, 0xff,  0xff, 0xff,  0xff, 0xff,  0xff, 0xff,  0xff, 0xff,  0xff, 0xff,  0xff, 0xff,  0xff, 0xff,
  0xff, 0xff,  0xff, 0xff,  0xff, 0xff,  0xff, 0xff,  0xff, 0xff,  0xff, 0xff,  0xff, 0xff,  0xff, 0xff,  0xff, 0xff,  0xff, 0xff,  0xff, 0xff,  0xff, 0xff,
  0xff, 0xff,  0xff, 0xff,  0xff, 0xff,  0xff, 0xff,  0xff, 0xff,  0xff, 0xff,  0xff, 0xff,  0xff, 0xff,  0xff, 0xff,  0xff, 0xff,  0xff, 0xff,  0xff, 0xff,
  0xff, 0xff,  0xff, 0xff,  0xff, 0xff,  0xff, 0xff,  0xff, 0xff,  0xff, 0xff,  0xff, 0xff,  0xff, 0xff,  0xff, 0xff,  0xff, 0xff,  0xff, 0xff,  0xff, 0xff,
  0xff, 0xff,  0xff, 0xff,  0xff, 0xff,  0xff, 0xff,  0xff, 0xff,  0xff, 0xff,  0xff, 0xff,  0xff, 0xff,  0xff, 0xff,  0xff, 0xff,  0xff, 0xff,  0xff, 0xff,
  0xff, 0xff,  0xff, 0xff,  0xff, 0xff,  0xff, 0xff,  0xff, 0xff,  0xff, 0xff,  0xff, 0xff,  0xff, 0xff,  0xff, 0xff,  0xff, 0xff,  0xff, 0xff,  0xff, 0xff,
  0xff, 0xff,  0xff, 0xff,  0xff, 0xff,  0xff, 0xff,  0xff, 0xff,  0xff, 0xff,  0xff, 0xff,  0xff, 0xff,  0xff, 0xff,  0xff, 0xff,  0xff, 0xff,  0xff, 0xff,
  0xff, 0xff,  0xff, 0xff,  0xff, 0xff,  0xff, 0xff,  0xff, 0xff,  0xff, 0xff,  0xff, 0xff,  0xff, 0xff,  0xff, 0xff,  0xff, 0xff,  0xff, 0xff,  0xff, 0xff,
  0xff, 0xff,  0xff, 0xff,  0xff, 0xff,  0xff, 0xff,  0xff, 0xff,  0xff, 0xff,  0xff, 0xff,  0xff, 0xff,  0xff, 0xff,  0xff, 0xff,  0xff, 0xff,  0xff, 0xff,
  0xff, 0xff,  0xff, 0xff,  0xff, 0xff,  0xff, 0xff,  0xff, 0xff,  0xff, 0xff,  0xff, 0xff,  0xff, 0xff,  0xff, 0xff,  0xff, 0xff,  0xff, 0xff,  0xff, 0xff,
  0xff, 0xff,  0xff, 0xff,  0xff, 0xff,  0xff, 0xff,  0xff, 0xff,  0xff, 0xff,  0xff, 0xff,  0xff, 0xff,  0xff, 0xff,  0xff, 0xff,  0xff, 0xff,  0xff, 0xff,
  0xff, 0xff,  0xff, 0xff,  0xff, 0xff,  0xff, 0xff,  0xff, 0xff,  0xff, 0xff,  0xff, 0xff,  0xff, 0xff,  0xff, 0xff,  0xff, 0xff,  0xff, 0xff,  0xff, 0xff,
  0xff, 0xff,  0xff, 0xff,  0xff, 0xff,  0xff, 0xff,  0xff, 0xff,  0xff, 0xff,  0xff, 0xff,  0xff, 0xff,  0xff, 0xff,  0xff, 0xff,  0xff, 0xff,  0xff, 0xff,
  0xff, 0xff,  0xff, 0xff,  0xff, 0xff,  0xff, 0xff,  0xff, 0xff,  0xff, 0xff,  0xff, 0xff,  0xff, 0xff,  0xff, 0xff,  0xff, 0xff,  0xff, 0xff,  0xff, 0xff,
  0xff, 0xff,  0xff, 0xff,  0xff, 0xff,  0xff, 0xff,  0xff, 0xff,  0xff, 0xff,  0xff, 0xff,  0xff, 0xff,  0xff, 0xff,  0xff, 0xff,  0xff, 0xff,  0xff, 0xff,
  0xff, 0xff,  0xff, 0xff,  0xff, 0xff,  0xff, 0xff,  0xff, 0xff,  0xff, 0xff,  0xff, 0xff,  0xff, 0xff,  0xff, 0xff,  0xff, 0xff,  0xff, 0xff,  0xff, 0xff,
  0xff, 0xff,  0xff, 0xff,  0xff, 0xff,  0xff, 0xff,  0xff, 0xff,  0xff, 0xff,  0xff, 0xff,  0xff, 0xff,  0xff, 0xff,  0xff, 0xff,  0xff, 0xff,  0xff, 0xff,
  0xff, 0xff,  0xff, 0xff,  0xff, 0xff,  0xff, 0xff,  0xff, 0xff,  0xff, 0xff,  0xff, 0xff,  0xff, 0xff,  0xff, 0xff,  0xff, 0xff,  0xff, 0xff,  0xff, 0xff,
  0xff, 0xff,  0xff, 0xff,  0xff, 0xff,  0xff, 0xff,  0xff, 0xff,  0xff, 0xff,  0xff, 0xff,  0xff, 0xff,  0xff, 0xff,  0xff, 0xff,  0xff, 0xff,  0xff, 0xff,
  0xff, 0xff,  0xff, 0xff,  0xff, 0xff,  0xff, 0xff,  0xff, 0xff,  0xff, 0xff,  0xff, 0xff,  0xff, 0xff,  0xff, 0xff,  0xff, 0xff,  0xff, 0xff,  0xff, 0xff,
  0xff, 0xff,  0xff, 0xff,  0xff, 0xff,  0xff, 0xff,  0xff, 0xff,  0xff, 0xff,  0xff, 0xff,  0xff, 0xff,  0xff, 0xff,  0xff, 0xff,  0xff, 0xff,  0xff, 0xff,
  0xff, 0xff,  0xff, 0xff,  0xff, 0xff,  0xff, 0xff,  0xff, 0xff,  0xff, 0xff,  0xff, 0xff,  0xff, 0xff,  0xff, 0xff,  0xff, 0xff,  0xff, 0xff,  0xff, 0xff,
  0xff, 0xff,  0xff, 0xff,  0xff, 0xff,  0xff, 0xff,  0xff, 0xff,  0xff, 0xff,  0xff, 0xff,  0xff, 0xff,  0xff, 0xff,  0xff, 0xff,  0xff, 0xff,  0xff, 0xff,
  0xff, 0xff,  0xff, 0xff,  0xff, 0xff,  0xff, 0xff,  0xff, 0xff,  0xff, 0xff,  0xff, 0xff,  0xff, 0xff,  0xff, 0xff,  0xff, 0xff,  0xff, 0xff,  0xff, 0xff,
  0xff, 0xff,  0xff, 0xff,  0xff, 0xff,  0xff, 0xff,  0xff, 0xff,  0xff, 0xff,  0xff, 0xff,  0xff, 0xff,  0xff, 0xff,  0xff, 0xff,  0xff, 0xff,  0xff, 0xff,
  0xff, 0xff,  0xff, 0xff,  0xff, 0xff,  0xff, 0xff,  0xff, 0xff,  0xff, 0xff,  0xff, 0xff,  0xff, 0xff,  0xff, 0xff,  0xff, 0xff,  0xff, 0xff,  0xff, 0xff,
  0xff, 0xff,  0xff, 0xff,  0xff, 0xff,  0xff, 0xff,  0xff, 0xff,  0xff, 0xff,  0xff, 0xff,  0xff, 0xff,  0xff, 0xff,  0xff, 0xff,  0xff, 0xff,  0xff, 0xff,
  0xff, 0xff,  0xff, 0xff,  0xff, 0xff,  0xff, 0xff,  0xff, 0xff,  0xff, 0xff,  0xff, 0xff,  0xff, 0xff,  0xff, 0xff,  0xff, 0xff,  0xff, 0xff,  0xff, 0xff,
  0xff, 0xff,  0xff, 0xff,  0xff, 0xff,  0xff, 0xff,  0xff, 0xff,  0xff, 0xff,  0xff, 0xff,  0xff, 0xff,  0xff, 0xff,  0xff, 0xff,  0xff, 0xff,  0xff, 0xff,
  0xff, 0xff,  0xff, 0xff,  0xff, 0xff,  0xff, 0xff,  0xff, 0xff,  0xff, 0xff,  0xff, 0xff,  0xff, 0xff,  0xff, 0xff,  0xff, 0xff,  0xff, 0xff,  0xff, 0xff,
  0xff, 0xff,  0xff, 0xff,  0xff, 0xff,  0xff, 0xff,  0xff, 0xff,  0xff, 0xff,  0xff, 0xff,  0xff, 0xff,  0xff, 0xff,  0xff, 0xff,  0xff, 0xff,  0xff, 0xff,
  0xff, 0xff,  0xff, 0xff,  0xff, 0xff,  0xff, 0xff,  0xff, 0xff,  0xff, 0xff,  0xff, 0xff,  0xff, 0xff,  0xff, 0xff,  0xff, 0xff,  0xff, 0xff,  0xff, 0xff,
  0xff, 0xff,  0xff, 0xff,  0xff, 0xff,  0xff, 0xff,  0xff, 0xff,  0xff, 0xff,  0xff, 0xff,  0xff, 0xff,  0xff, 0xff,  0xff, 0xff,  0xff, 0xff,  0xff, 0xff,
  0xff, 0xff,  0xff, 0xff,  0xff, 0xff,  0xff, 0xff,  0xff, 0xff,  0xff, 0xff,  0xff, 0xff,  0xff, 0xff,  0xff, 0xff,  0xff, 0xff,  0xff, 0xff,  0xff, 0xff,
  0xff, 0xff,  0xff, 0xff,  0xff, 0xff,  0xff, 0xff,  0xff, 0xff,  0xff, 0xff,  0xff, 0xff,  0xff, 0xff,  0xff, 0xff,  0xff, 0xff,  0xff, 0xff,  0xff, 0xff,
  0xff, 0xff,  0xff, 0xff,  0xff, 0xff,  0xff, 0xff,  0xff, 0xff,  0xff, 0xff,  0xff, 0xff,  0xff, 0xff,  0xff, 0xff,  0xff, 0xff,  0xff, 0xff,  0xff, 0xff,
  0xff, 0xff,  0xff, 0xff,  0xff, 0xff,  0xff, 0xff,  0xff, 0xff,  0xff, 0xff,  0xff, 0xff,  0xff, 0xff,  0xff, 0xff,  0xff, 0xff,  0xff, 0xff,  0xff, 0xff,
  0xff, 0xff,  0xff, 0xff,  0xff, 0xff,  0xff, 0xff,  0xff, 0xff,  0xff, 0xff,  0xff, 0xff,  0xff, 0xff,  0xff, 0xff,  0xff, 0xff,  0xff, 0xff,  0xff, 0xff,
  0xff, 0xff,  0xff, 0xff,  0xff, 0xff,  0xff, 0xff,  0xff, 0xff,  0xff, 0xff,  0xdf, 0xff,  0xdf, 0xff,  0xdf, 0xff,  0xdf, 0xff,  0xdf, 0xff,  0xdf, 0xff,
  0xdf, 0xff,  0xdf, 0xff,  0xdf, 0xff,  0xdf, 0xff,  0xdf, 0xff,  0xff, 0xff,  0xdf, 0xff,  0xdf, 0xff,  0xff, 0xff,  0xff, 0xff,  0xff, 0xff,  0xff, 0xff,
  0xff, 0xff,  0xff, 0xff,  0xff, 0xff,  0xff, 0xff,  0xff, 0xff,  0xff, 0xff,  0xff, 0xff,  0xff, 0xff,  0xff, 0xff,  0xff, 0xff,  0xff, 0xff,  0xff, 0xff,
  0xff, 0xff,  0xff, 0xff,  0xff, 0xff,  0xff, 0xff,  0xff, 0xff,  0xff, 0xff,  0xff, 0xff,  0xff, 0xff,  0xff, 0xff,  0xff, 0xff,  0xff, 0xff,  0xff, 0xff,
  0xff, 0xff,  0xff, 0xff,  0xff, 0xff,  0xff, 0xff,  0xff, 0xff,  0xff, 0xff,  0xff, 0xff,  0xff, 0xff,  0xff, 0xff,  0xff, 0xff,  0xff, 0xff,  0xff, 0xff,
  0xff, 0xff,  0xff, 0xff,  0xff, 0xff,  0xff, 0xff,  0xff, 0xff,  0xff, 0xff,  0xff, 0xff,  0xff, 0xff,  0xff, 0xff,  0xff, 0xff,  0xff, 0xff,  0xff, 0xff,
  0xff, 0xff,  0xff, 0xff,  0xff, 0xff,  0xff, 0xff,  0xff, 0xff,  0xff, 0xff,  0xff, 0xff,  0xff, 0xff,  0xff, 0xff,  0xff, 0xff,  0xff, 0xff,  0xff, 0xff,
  0xff, 0xff,  0xff, 0xff,  0xff, 0xff,  0xff, 0xff,  0xff, 0xff,  0xff, 0xff,  0xff, 0xff,  0xff, 0xff,  0xff, 0xff,  0xff, 0xff,  0xff, 0xff,  0xff, 0xff,
  0xff, 0xff,  0xff, 0xff,  0xff, 0xff,  0xff, 0xff,  0xff, 0xff,  0xff, 0xff,  0xff, 0xff,  0xff, 0xff,  0xff, 0xff,  0xff, 0xff,  0xdf, 0xff,  0xdf, 0xff,
  0xdf, 0xff,  0xdf, 0xff,  0xff, 0xff,  0xff, 0xff,  0xff, 0xff,  0xff, 0xff,  0xde, 0xff,  0xff, 0xff,  0xff, 0xff,  0xdf, 0xf7,  0xdf, 0xf7,  0xdf, 0xef,
  0xdf, 0xf7,  0xff, 0xf7,  0xff, 0xff,  0xff, 0xff,  0xff, 0xff,  0xff, 0xff,  0xff, 0xff,  0xff, 0xff,  0xff, 0xff,  0xff, 0xff,  0xff, 0xff,  0xff, 0xff,
  0xff, 0xff,  0xff, 0xff,  0xff, 0xff,  0xff, 0xff,  0xff, 0xff,  0xff, 0xff,  0xff, 0xff,  0xff, 0xff,  0xdf, 0xf7,  0xdf, 0xf7,  0xff, 0xf7,  0xdf, 0xff,
  0xff, 0xff,  0xff, 0xff,  0xff, 0xff,  0xdf, 0xff,  0xdf, 0xff,  0xdf, 0xff,  0xff, 0xff,  0xff, 0xff,  0xff, 0xff,  0xff, 0xff,  0xdf, 0xff,  0xff, 0xff,
  0xff, 0xff,  0xff, 0xff,  0xff, 0xff,  0xff, 0xff,  0xff, 0xff,  0xff, 0xff,  0xff, 0xff,  0xff, 0xff,  0xff, 0xff,  0xff, 0xff,  0xff, 0xff,  0xff, 0xff,
  0xff, 0xff,  0xff, 0xff,  0xff, 0xff,  0xff, 0xff,  0xff, 0xff,  0xff, 0xff,  0xff, 0xff,  0xff, 0xff,  0xff, 0xff,  0xff, 0xff,  0xff, 0xff,  0xff, 0xff,
  0xff, 0xff,  0xff, 0xff,  0xff, 0xff,  0xff, 0xff,  0xff, 0xff,  0xff, 0xff,  0xff, 0xff,  0xff, 0xff,  0xff, 0xff,  0xff, 0xff,  0xff, 0xff,  0xff, 0xff,
  0xff, 0xff,  0xff, 0xff,  0xff, 0xff,  0xff, 0xff,  0xff, 0xff,  0xff, 0xff,  0xff, 0xff,  0xff, 0xff,  0xff, 0xff,  0xff, 0xff,  0xff, 0xff,  0xff, 0xff,
  0xff, 0xff,  0xff, 0xff,  0xff, 0xff,  0xff, 0xff,  0xff, 0xff,  0xff, 0xff,  0xff, 0xff,  0xff, 0xff,  0xff, 0xff,  0xff, 0xff,  0xff, 0xff,  0xff, 0xff,
  0xff, 0xff,  0xff, 0xff,  0xff, 0xff,  0xff, 0xff,  0xff, 0xff,  0xff, 0xff,  0xff, 0xff,  0xff, 0xff,  0xff, 0xff,  0xff, 0xff,  0xdf, 0xff,  0xdf, 0xff,
  0xdf, 0xff,  0xdf, 0xff,  0xdf, 0xff,  0xdf, 0xff,  0xff, 0xff,  0xff, 0xf7,  0xdf, 0xf7,  0xde, 0xf7,  0xdf, 0xf7,  0xff, 0xff,  0xff, 0xff,  0xff, 0xff,
  0xff, 0xff,  0xff, 0xf7,  0xbe, 0xef,  0x3d, 0xdf,  0xbc, 0xc6,  0x5a, 0xae,  0xd9, 0x9d,  0x98, 0x95,  0x57, 0x8d,  0x17, 0x85,  0xf6, 0x7c,  0xd6, 0x7c,
  0xf6, 0x84,  0x17, 0x85,  0x78, 0x8d,  0xb9, 0x95,  0x1a, 0xae,  0x7c, 0xbe,  0x1d, 0xd7,  0x9e, 0xe7,  0xff, 0xef,  0xff, 0xf7,  0xff, 0xff,  0xff, 0xff,
  0xff, 0xff,  0xfe, 0xf7,  0xde, 0xf7,  0xbe, 0xff,  0xdf, 0xff,  0xdf, 0xff,  0xdf, 0xff,  0xdf, 0xff,  0xdf, 0xff,  0xfe, 0xff,  0xfe, 0xff,  0xff, 0xff,
  0xff, 0xff,  0xff, 0xff,  0xff, 0xff,  0xff, 0xff,  0xff, 0xff,  0xff, 0xff,  0xff, 0xff,  0xff, 0xff,  0xff, 0xff,  0xff, 0xff,  0xff, 0xff,  0xff, 0xff,
  0xff, 0xff,  0xff, 0xff,  0xff, 0xff,  0xff, 0xff,  0xff, 0xff,  0xff, 0xff,  0xff, 0xff,  0xff, 0xff,  0xff, 0xff,  0xff, 0xff,  0xff, 0xff,  0xff, 0xff,
  0xff, 0xff,  0xff, 0xff,  0xff, 0xff,  0xff, 0xff,  0xff, 0xff,  0xff, 0xff,  0xff, 0xff,  0xff, 0xff,  0xff, 0xff,  0xff, 0xff,  0xff, 0xff,  0xff, 0xff,
  0xff, 0xff,  0xff, 0xff,  0xff, 0xff,  0xff, 0xff,  0xff, 0xff,  0xff, 0xff,  0xff, 0xff,  0xff, 0xff,  0xff, 0xff,  0xff, 0xff,  0xff, 0xff,  0xff, 0xff,
  0xff, 0xff,  0xff, 0xff,  0xff, 0xff,  0xff, 0xff,  0xff, 0xff,  0xff, 0xff,  0xff, 0xff,  0xff, 0xff,  0xff, 0xff,  0xff, 0xff,  0xff, 0xff,  0xff, 0xff,
  0xff, 0xff,  0xff, 0xff,  0xff, 0xff,  0xff, 0xff,  0xff, 0xff,  0xff, 0xff,  0xff, 0xff,  0xff, 0xff,  0xff, 0xff,  0xff, 0xff,  0xff, 0xff,  0xff, 0xff,
  0xff, 0xff,  0xfe, 0xff,  0xde, 0xff,  0xdd, 0xff,  0xfd, 0xff,  0xfe, 0xff,  0xff, 0xff,  0xff, 0xff,  0xff, 0xff,  0x5e, 0xe7,  0x7b, 0xc6,  0x58, 0x9d,
  0x75, 0x74,  0xd3, 0x5b,  0x30, 0x4b,  0x0f, 0x43,  0x4f, 0x4b,  0x90, 0x4b,  0xf2, 0x5b,  0x33, 0x64,  0x74, 0x64,  0xb5, 0x6c,  0xb5, 0x74,  0xb5, 0x6c,
  0xb5, 0x6c,  0x94, 0x6c,  0x54, 0x64,  0x13, 0x5c,  0xb2, 0x53,  0x50, 0x4b,  0x2f, 0x43,  0x2f, 0x43,  0x90, 0x53,  0x54, 0x64,  0x17, 0x85,  0x1b, 0xae,
  0x3e, 0xd7,  0xff, 0xf7,  0xff, 0xff,  0xff, 0xff,  0xfd, 0xff,  0xfe, 0xf7,  0xdf, 0xff,  0xdf, 0xff,  0xdf, 0xff,  0xfe, 0xff,  0xfd, 0xff,  0xfe, 0xff,
  0xff, 0xff,  0xff, 0xff,  0xff, 0xff,  0xff, 0xff,  0xff, 0xff,  0xff, 0xff,  0xff, 0xff,  0xff, 0xff,  0xff, 0xff,  0xff, 0xff,  0xff, 0xff,  0xff, 0xff,
  0xff, 0xff,  0xff, 0xff,  0xff, 0xff,  0xff, 0xff,  0xff, 0xff,  0xff, 0xff,  0xff, 0xff,  0xff, 0xff,  0xff, 0xff,  0xff, 0xff,  0xff, 0xff,  0xff, 0xff,
  0xff, 0xff,  0xff, 0xff,  0xff, 0xff,  0xff, 0xff,  0xff, 0xff,  0xff, 0xff,  0xff, 0xff,  0xff, 0xff,  0xff, 0xff,  0xff, 0xff,  0xff, 0xff,  0xff, 0xff,
  0xff, 0xff,  0xff, 0xff,  0xff, 0xff,  0xff, 0xff,  0xff, 0xff,  0xff, 0xff,  0xff, 0xff,  0xff, 0xff,  0xff, 0xff,  0xff, 0xff,  0xff, 0xff,  0xff, 0xff,
  0xff, 0xff,  0xff, 0xff,  0xff, 0xff,  0xff, 0xff,  0xff, 0xff,  0xff, 0xff,  0xff, 0xff,  0xff, 0xff,  0xff, 0xff,  0xff, 0xff,  0xff, 0xff,  0xff, 0xff,
  0xff, 0xff,  0xff, 0xff,  0xff, 0xff,  0xff, 0xff,  0xff, 0xff,  0xff, 0xff,  0xff, 0xff,  0xff, 0xff,  0xff, 0xff,  0xfe, 0xff,  0xfe, 0xff,  0xfe, 0xff,
  0xfe, 0xff,  0xfe, 0xf7,  0xff, 0xf7,  0xff, 0xff,  0xff, 0xff,  0xdf, 0xef,  0x9b, 0xc6,  0xf6, 0x8c,  0x91, 0x5b,  0xef, 0x3a,  0x31, 0x3b,  0xf4, 0x53,
  0xf7, 0x7c,  0x1a, 0xa6,  0xfd, 0xbe,  0x7e, 0xd7,  0xdf, 0xe7,  0xff, 0xef,  0xdf, 0xe7,  0xbf, 0xdf,  0xbf, 0xdf,  0x9f, 0xd7,  0x7e, 0xd7,  0x7e, 0xd7,
  0x9f, 0xd7,  0x9f, 0xd7,  0xbf, 0xe7,  0xdf, 0xe7,  0xdf, 0xe7,  0xdf, 0xe7,  0xbf, 0xd7,  0x3d, 0xc7,  0x7b, 0xae,  0x59, 0x85,  0x55, 0x6c,  0x51, 0x4b,
  0xef, 0x3a,  0x50, 0x4b,  0x94, 0x74,  0x19, 0xae,  0x7e, 0xdf,  0xff, 0xff,  0xff, 0xff,  0xfe, 0xff,  0xdd, 0xf7,  0xde, 0xff,  0xdf, 0xff,  0xff, 0xff,
  0xff, 0xff,  0xff, 0xff,  0xdf, 0xff,  0xff, 0xff,  0xff, 0xff,  0xff, 0xff,  0xff, 0xff,  0xff, 0xff,  0xff, 0xff,  0xff, 0xff,  0xff, 0xff,  0xff, 0xff,
  0xff, 0xff,  0xff, 0xff,  0xff, 0xff,  0xff, 0xff,  0xff, 0xff,  0xff, 0xff,  0xff, 0xff,  0xff, 0xff,  0xff, 0xff,  0xff, 0xff,  0xff, 0xff,  0xff, 0xff,
  0xff, 0xff,  0xff, 0xff,  0xff, 0xff,  0xff, 0xff,  0xff, 0xff,  0xff, 0xff,  0xff, 0xff,  0xff, 0xff,  0xff, 0xff,  0xff, 0xff,  0xff, 0xff,  0xff, 0xff,
  0xff, 0xff,  0xff, 0xff,  0xff, 0xff,  0xff, 0xff,  0xff, 0xff,  0xff, 0xff,  0xff, 0xff,  0xff, 0xff,  0xff, 0xff,  0xff, 0xff,  0xff, 0xff,  0xff, 0xff,
  0xff, 0xff,  0xff, 0xff,  0xff, 0xff,  0xff, 0xff,  0xff, 0xff,  0xff, 0xff,  0xff, 0xff,  0xff, 0xff,  0xff, 0xff,  0xff, 0xff,  0xff, 0xff,  0xff, 0xff,
  0xff, 0xff,  0xff, 0xff,  0xff, 0xff,  0xff, 0xff,  0xff, 0xff,  0xff, 0xff,  0xff, 0xff,  0xff, 0xff,  0xff, 0xff,  0xff, 0xff,  0xde, 0xff,  0xde, 0xff,
  0xff, 0xff,  0xff, 0xff,  0xdf, 0xe7,  0x5a, 0xb6,  0x74, 0x6c,  0x30, 0x43,  0xcf, 0x3a,  0x13, 0x64,  0xb9, 0x95,  0x1d, 0xc7,  0xff, 0xdf,  0xff, 0xdf,
  0x7e, 0xcf,  0xbb, 0xb6,  0x77, 0x8d,  0xb5, 0x6c,  0x14, 0x4c,  0x73, 0x3b,  0xf2, 0x2a,  0xb1, 0x1a,  0x71, 0x12,  0x50, 0x12,  0x70, 0x12,  0x50, 0x12,
  0x70, 0x12,  0x70, 0x12,  0x91, 0x1a,  0xf2, 0x22,  0x33, 0x33,  0xb4, 0x4b,  0x55, 0x64,  0x17, 0x85,  0x1a, 0xae,  0xdd, 0xce,  0x9f, 0xef,  0xdf, 0xef,
  0x7e, 0xd7,  0x5a, 0xae,  0xb4, 0x74,  0x4f, 0x4b,  0xaf, 0x3a,  0xd3, 0x63,  0x98, 0x9d,  0x5e, 0xdf,  0xff, 0xff,  0xff, 0xff,  0xfe, 0xf7,  0xdf, 0xf7,
  0xff, 0xff,  0xff, 0xff,  0xdf, 0xff,  0xdf, 0xff,  0xff, 0xff,  0xff, 0xff,  0xff, 0xff,  0xff, 0xff,  0xff, 0xff,  0xff, 0xff,  0xff, 0xff,  0xff, 0xff,
  0xff, 0xff,  0xff, 0xff,  0xff, 0xff,  0xff, 0xff,  0xff, 0xff,  0xff, 0xff,  0xff, 0xff,  0xff, 0xff,  0xff, 0xff,  0xff, 0xff,  0xff, 0xff,  0xff, 0xff,
  0xff, 0xff,  0xff, 0xff,  0xff, 0xff,  0xff, 0xff,  0xff, 0xff,  0xff, 0xff,  0xff, 0xff,  0xff, 0xff,  0xff, 0xff,  0xff, 0xff,  0xff, 0xff,  0xff, 0xff,
  0xff, 0xff,  0xff, 0xff,  0xff, 0xff,  0xff, 0xff,  0xff, 0xff,  0xff, 0xff,  0xff, 0xff,  0xff, 0xff,  0xff, 0xff,  0xff, 0xff,  0xff, 0xff,  0xff, 0xff,
  0xff, 0xff,  0xff, 0xff,  0xff, 0xff,  0xff, 0xff,  0xff, 0xff,  0xff, 0xff,  0xff, 0xff,  0xff, 0xff,  0xff, 0xff,  0xff, 0xff,  0xff, 0xff,  0xff, 0xff,
  0xff, 0xff,  0xff, 0xff,  0xff, 0xff,  0xff, 0xff,  0xff, 0xff,  0xff, 0xff,  0xff, 0xff,  0xff, 0xff,  0xdf, 0xff,  0xff, 0xff,  0xff, 0xff,  0xff, 0xf7,
  0xdc, 0xce,  0xb4, 0x84,  0x0e, 0x4b,  0x2f, 0x43,  0xb5, 0x74,  0x9b, 0xbe,  0x9f, 0xe7,  0xbf, 0xe7,  0xbc, 0xbe,  0x58, 0x85,  0xf3, 0x53,  0x0f, 0x33,
  0x4e, 0x0a,  0xcd, 0x01,  0xee, 0x01,  0x0f, 0x02,  0x10, 0x02,  0x31, 0x02,  0x31, 0x02,  0x32, 0x02,  0x52, 0x02,  0x52, 0x02,  0x32, 0x02,  0x52, 0x02,
  0x52, 0x02,  0x32, 0x02,  0x30, 0x02,  0x30, 0x02,  0x30, 0x02,  0x10, 0x02,  0xef, 0x01,  0xee, 0x01,  0xce, 0x01,  0x10, 0x02,  0xb0, 0x1a,  0xd3, 0x43,
  0xd7, 0x6c,  0x5c, 0xa6,  0x7f, 0xd7,  0xff, 0xef,  0x1d, 0xc7,  0x57, 0x8d,  0x71, 0x53,  0xaf, 0x42,  0xf3, 0x6b,  0x19, 0xb6,  0xff, 0xef,  0xff, 0xff,
  0xff, 0xf7,  0xdf, 0xff,  0xdf, 0xff,  0xff, 0xff,  0xff, 0xff,  0xff, 0xff,  0xff, 0xff,  0xff, 0xff,  0xff, 0xff,  0xff, 0xff,  0xff, 0xff,  0xff, 0xff,
  0xff, 0xff,  0xff, 0xff,  0xff, 0xff,  0xff, 0xff,  0xff, 0xff,  0xff, 0xff,  0xff, 0xff,  0xff, 0xff,  0xff, 0xff,  0xff, 0xff,  0xff, 0xff,  0xff, 0xff,
  0xff, 0xff,  0xff, 0xff,  0xff, 0xff,  0xff, 0xff,  0xff, 0xff,  0xff, 0xff,  0xff, 0xff,  0xff, 0xff,  0xff, 0xff,  0xff, 0xff,  0xff, 0xff,  0xff, 0xff,
  0xff, 0xff,  0xff, 0xff,  0xff, 0xff,  0xff, 0xff,  0xff, 0xff,  0xff, 0xff,  0xff, 0xff,  0xff, 0xff,  0xff, 0xff,  0xff, 0xff,  0xff, 0xff,  0xff, 0xff,
  0xff, 0xff,  0xff, 0xff,  0xff, 0xff,  0xff, 0xff,  0xff, 0xff,  0xff, 0xff,  0xff, 0xff,  0xff, 0xff,  0xff, 0xff,  0xff, 0xff,  0xff, 0xff,  0xff, 0xff,
  0xff, 0xff,  0xff, 0xff,  0xff, 0xff,  0xff, 0xff,  0xde, 0xff,  0xde, 0xff,  0xde, 0xff,  0xdf, 0xff,  0xff, 0xff,  0xdf, 0xf7,  0x19, 0xb6,  0xf2, 0x5b,
  0xee, 0x3a,  0x53, 0x6c,  0x7a, 0xb6,  0xdf, 0xdf,  0x9e, 0xd7,  0x1a, 0x9e,  0x56, 0x54,  0xd1, 0x22,  0x0f, 0x0a,  0xcf, 0x01,  0x11, 0x02,  0xd1, 0x01,
  0x92, 0x1a,  0x38, 0x4c,  0x55, 0x2b,  0x52, 0x0a,  0x73, 0x0a,  0x72, 0x02,  0x52, 0x02,  0x72, 0x02,  0x72, 0x02,  0x52, 0x02,  0x52, 0x02,  0x52, 0x02,
  0x52, 0x02,  0x72, 0x02,  0x72, 0x02,  0x72, 0x02,  0x52, 0x02,  0x72, 0x0a,  0x30, 0x02,  0x16, 0x4c,  0x97, 0x64,  0x4f, 0x1a,  0x99, 0x85,  0xd6, 0x6c,
  0x8b, 0x01,  0x10, 0x0a,  0x91, 0x1a,  0xb3, 0x43,  0x78, 0x85,  0x3e, 0xbf,  0xff, 0xdf,  0x1e, 0xc7,  0xf5, 0x84,  0x10, 0x4b,  0x30, 0x53,  0x57, 0x95,
  0x5e, 0xdf,  0xff, 0xff,  0xff, 0xff,  0xdf, 0xff,  0xdf, 0xff,  0xff, 0xff,  0xff, 0xff,  0xff, 0xff,  0xff, 0xff,  0xff, 0xff,  0xff, 0xff,  0xff, 0xff,
  0xff, 0xff,  0xff, 0xff,  0xff, 0xff,  0xff, 0xff,  0xff, 0xff,  0xff, 0xff,  0xff, 0xff,  0xff, 0xff,  0xff, 0xff,  0xff, 0xff,  0xff, 0xff,  0xff, 0xff,
  0xff, 0xff,  0xff, 0xff,  0xff, 0xff,  0xff, 0xff,  0xff, 0xff,  0xff, 0xff,  0xff, 0xff,  0xff, 0xff,  0xff, 0xff,  0xff, 0xff,  0xff, 0xff,  0xff, 0xff,
  0xff, 0xff,  0xff, 0xff,  0xff, 0xff,  0xff, 0xff,  0xff, 0xff,  0xff, 0xff,  0xff, 0xff,  0xff, 0xff,  0xff, 0xff,  0xff, 0xff,  0xff, 0xff,  0xff, 0xff,
  0xff, 0xff,  0xff, 0xff,  0xff, 0xff,  0xff, 0xff,  0xff, 0xff,  0xff, 0xff,  0xff, 0xff,  0xff, 0xff,  0xff, 0xff,  0xfe, 0xff,  0xff, 0xff,  0xff, 0xff,
  0xff, 0xff,  0xff, 0xff,  0xdf, 0xff,  0xdf, 0xff,  0xdf, 0xf7,  0xde, 0xf7,  0xff, 0xff,  0xff, 0xf7,  0xd9, 0xa5,  0x51, 0x43,  0x30, 0x43,  0x35, 0x8d,
  0x7e, 0xd7,  0xdf, 0xdf,  0x3b, 0xa6,  0x15, 0x54,  0x90, 0x22,  0x0f, 0x02,  0x11, 0x02,  0x52, 0x02,  0x51, 0x02,  0x90, 0x12,  0x0e, 0x12,  0x75, 0x3b,
  0x3e, 0xa6,  0xd8, 0x74,  0xd1, 0x22,  0x0f, 0x02,  0x72, 0x0a,  0x52, 0x02,  0x72, 0x02,  0x72, 0x02,  0x52, 0x02,  0x52, 0x02,  0x73, 0x02,  0x52, 0x02,
  0x52, 0x02,  0x52, 0x02,  0x73, 0x02,  0x52, 0x02,  0x52, 0x0a,  0x31, 0x0a,  0xce, 0x01,  0x95, 0x74,  0x9e, 0xef,  0xfc, 0xde,  0xff, 0xff,  0x75, 0x6c,
  0x2f, 0x12,  0x72, 0x0a,  0x31, 0x02,  0x10, 0x02,  0xf0, 0x01,  0x30, 0x12,  0x94, 0x3b,  0x99, 0x8d,  0x7f, 0xcf,  0xff, 0xe7,  0x39, 0xae,  0xd2, 0x4b,
  0xee, 0x3a,  0xd5, 0x84,  0x5e, 0xdf,  0xff, 0xff,  0xdf, 0xf7,  0xbf, 0xf7,  0xdf, 0xff,  0xdf, 0xff,  0xff, 0xff,  0xff, 0xff,  0xff, 0xff,  0xfe, 0xff,
  0xff, 0xff,  0xff, 0xff,  0xff, 0xff,  0xff, 0xff,  0xff, 0xff,  0xff, 0xff,  0xff, 0xff,  0xff, 0xff,  0xff, 0xff,  0xff, 0xff,  0xff, 0xff,  0xff, 0xff,
  0xff, 0xff,  0xff, 0xff,  0xff, 0xff,  0xff, 0xff,  0xff, 0xff,  0xff, 0xff,  0xff, 0xff,  0xff, 0xff,  0xff, 0xff,  0xff, 0xff,  0xff, 0xff,  0xff, 0xff,
  0xff, 0xff,  0xff, 0xff,  0xff, 0xff,  0xff, 0xff,  0xff, 0xff,  0xff, 0xff,  0xff, 0xff,  0xff, 0xff,  0xff, 0xff,  0xff, 0xff,  0xff, 0xff,  0xff, 0xff,
  0xff, 0xff,  0xff, 0xff,  0xff, 0xff,  0xff, 0xff,  0xff, 0xff,  0xff, 0xff,  0xff, 0xff,  0xff, 0xff,  0xff, 0xff,  0xff, 0xff,  0xff, 0xff,  0xff, 0xff,
  0xff, 0xff,  0xff, 0xff,  0xff, 0xff,  0xde, 0xff,  0xff, 0xff,  0xff, 0xf7,  0x1a, 0xa6,  0x71, 0x43,  0x0f, 0x3b,  0xb8, 0xa5,  0xff, 0xef,  0x9f, 0xcf,
  0x38, 0x7d,  0x11, 0x33,  0x0e, 0x0a,  0xef, 0x01,  0x31, 0x0a,  0x52, 0x02,  0x93, 0x0a,  0x11, 0x02,  0xd5, 0x43,  0xfd, 0xbe,  0xb6, 0x6c,  0x32, 0x33,
  0x18, 0x7d,  0x74, 0x6c,  0x72, 0x3b,  0x53, 0x2b,  0x30, 0x02,  0x51, 0x02,  0x72, 0x02,  0x72, 0x02,  0x52, 0x02,  0x52, 0x02,  0x52, 0x02,  0x52, 0x02,
  0x53, 0x02,  0x53, 0x02,  0x53, 0x02,  0x53, 0x02,  0x10, 0x02,  0xd4, 0x43,  0xfd, 0xbe,  0x5e, 0xd7,  0x7f, 0xdf,  0x1d, 0xcf,  0x9f, 0xd7,  0x53, 0x3b,
  0x10, 0x02,  0x73, 0x02,  0x72, 0x02,  0x72, 0x02,  0x72, 0x02,  0x51, 0x02,  0x10, 0x02,  0xef, 0x01,  0x90, 0x22,  0x55, 0x64,  0xdd, 0xb6,  0xff, 0xef,
  0xbc, 0xbe,  0xf3, 0x53,  0xcf, 0x32,  0x36, 0x8d,  0x9e, 0xe7,  0xff, 0xff,  0xde, 0xf7,  0xff, 0xf7,  0xfe, 0xff,  0xfe, 0xff,  0xff, 0xff,  0xdf, 0xff,
  0xff, 0xff,  0xff, 0xff,  0xff, 0xff,  0xff, 0xff,  0xff, 0xff,  0xff, 0xff,  0xff, 0xff,  0xff, 0xff,  0xff, 0xff,  0xff, 0xff,  0xff, 0xff,  0xff, 0xff,
  0xff, 0xff,  0xff, 0xff,  0xff, 0xff,  0xff, 0xff,  0xff, 0xff,  0xff, 0xff,  0xff, 0xff,  0xff, 0xff,  0xff, 0xff,  0xff, 0xff,  0xff, 0xff,  0xff, 0xff,
  0xff, 0xff,  0xff, 0xff,  0xff, 0xff,  0xff, 0xff,  0xff, 0xff,  0xff, 0xff,  0xff, 0xff,  0xff, 0xff,  0xff, 0xff,  0xff, 0xff,  0xff, 0xff,  0xff, 0xff,
  0xff, 0xff,  0xff, 0xff,  0xff, 0xff,  0xff, 0xff,  0xff, 0xff,  0xff, 0xff,  0xff, 0xff,  0xff, 0xff,  0xff, 0xff,  0xdf, 0xff,  0xdf, 0xff,  0xde, 0xff,
  0xde, 0xff,  0xde, 0xff,  0xff, 0xf7,  0xff, 0xff,  0xbb, 0xce,  0xb1, 0x53,  0xef, 0x32,  0xb9, 0x95,  0xff, 0xe7,  0x3e, 0xd7,  0x75, 0x6c,  0xb1, 0x12,
  0x0f, 0x02,  0x50, 0x02,  0x72, 0x0a,  0x72, 0x02,  0x53, 0x02,  0x73, 0x02,  0x72, 0x02,  0x50, 0x12,  0x75, 0x64,  0xff, 0xf7,  0x98, 0x95,  0xcc, 0x09,
  0x91, 0x53,  0xff, 0xe7,  0x3a, 0xa6,  0x3c, 0x96,  0xd2, 0x1a,  0x32, 0x02,  0x73, 0x02,  0x52, 0x02,  0x72, 0x02,  0x72, 0x02,  0x52, 0x02,  0x52, 0x02,
  0x52, 0x02,  0x52, 0x02,  0x52, 0x02,  0x73, 0x0a,  0x0f, 0x02,  0x13, 0x4c,  0xdc, 0xc6,  0xd3, 0x5b,  0xd2, 0x32,  0x0c, 0x1a,  0x11, 0x33,  0xd2, 0x1a,
  0x52, 0x02,  0x73, 0x02,  0x73, 0x02,  0x72, 0x02,  0x71, 0x02,  0x71, 0x02,  0x52, 0x02,  0x52, 0x0a,  0x32, 0x0a,  0xd0, 0x01,  0x10, 0x0a,  0x72, 0x53,
  0x5b, 0xa6,  0xff, 0xdf,  0xbc, 0xb6,  0x90, 0x4b,  0xcd, 0x3a,  0xb8, 0x9d,  0xff, 0xef,  0xff, 0xf7,  0xde, 0xf7,  0xde, 0xff,  0xdf, 0xff,  0xdf, 0xf7,
  0xff, 0xff,  0xff, 0xff,  0xff, 0xff,  0xff, 0xff,  0xff, 0xff,  0xff, 0xff,  0xff, 0xff,  0xff, 0xff,  0xff, 0xff,  0xff, 0xff,  0xff, 0xff,  0xff, 0xff,
  0xff, 0xff,  0xff, 0xff,  0xff, 0xff,  0xff, 0xff,  0xff, 0xff,  0xff, 0xff,  0xff, 0xff,  0xff, 0xff,  0xff, 0xff,  0xff, 0xff,  0xff, 0xff,  0xff, 0xff,
  0xff, 0xff,  0xff, 0xff,  0xff, 0xff,  0xff, 0xff,  0xff, 0xff,  0xff, 0xff,  0xff, 0xff,  0xff, 0xff,  0xff, 0xff,  0xff, 0xff,  0xff, 0xff,  0xff, 0xff,
  0xff, 0xff,  0xff, 0xff,  0xff, 0xff,  0xff, 0xff,  0xff, 0xff,  0xff, 0xff,  0xff, 0xff,  0xff, 0xff,  0xff, 0xff,  0xff, 0xff,  0xde, 0xff,  0xde, 0xff,
  0xde, 0xff,  0xff, 0xff,  0x9f, 0xe7,  0xb5, 0x74,  0x8e, 0x2a,  0x16, 0x85,  0xdf, 0xef,  0x5e, 0xd7,  0x75, 0x6c,  0x50, 0x0a,  0x10, 0x02,  0x51, 0x02,
  0x72, 0x02,  0x72, 0x02,  0x72, 0x02,  0x52, 0x02,  0x73, 0x02,  0x73, 0x02,  0x51, 0x02,  0xd1, 0x22,  0x78, 0x8d,  0x9a, 0xbe,  0x56, 0x95,  0xd3, 0x53,
  0x5b, 0xae,  0xdf, 0xe7,  0xb0, 0x5b,  0xf7, 0x74,  0xb2, 0x1a,  0x52, 0x02,  0x52, 0x02,  0x52, 0x02,  0x72, 0x02,  0x72, 0x02,  0x52, 0x02,  0x72, 0x02,
  0x52, 0x02,  0x73, 0x02,  0x73, 0x02,  0x51, 0x02,  0xd2, 0x22,  0xf8, 0x6c,  0x2e, 0x12,  0xac, 0x01,  0x2f, 0x12,  0xf8, 0x6c,  0x74, 0x3b,  0xf0, 0x01,
  0x73, 0x0a,  0x52, 0x02,  0x52, 0x02,  0x52, 0x02,  0x52, 0x02,  0x52, 0x02,  0x52, 0x02,  0x53, 0x02,  0x52, 0x02,  0x52, 0x02,  0x52, 0x02,  0x10, 0x02,
  0x0e, 0x0a,  0x91, 0x43,  0x7b, 0xae,  0xff, 0xe7,  0x5b, 0xa6,  0x0f, 0x3b,  0x90, 0x53,  0xdc, 0xc6,  0xff, 0xff,  0xde, 0xff,  0xde, 0xff,  0xde, 0xf7,
  0xff, 0xf7,  0xff, 0xff,  0xff, 0xff,  0xff, 0xff,  0xff, 0xff,  0xff, 0xff,  0xff, 0xff,  0xff, 0xff,  0xff, 0xff,  0xff, 0xff,  0xff, 0xff,  0xff, 0xff,
  0xff, 0xff,  0xff, 0xff,  0xff, 0xff,  0xff, 0xff,  0xff, 0xff,  0xff, 0xff,  0xff, 0xff,  0xff, 0xff,  0xff, 0xff,  0xff, 0xff,  0xff, 0xff,  0xff, 0xff,
  0xff, 0xff,  0xff, 0xff,  0xff, 0xff,  0xff, 0xff,  0xff, 0xff,  0xff, 0xff,  0xff, 0xff,  0xff, 0xff,  0xff, 0xff,  0xff, 0xff,  0xff, 0xff,  0xff, 0xff,
  0xff, 0xff,  0xff, 0xff,  0xff, 0xff,  0xff, 0xff,  0xff, 0xff,  0xff, 0xff,  0xff, 0xff,  0xff, 0xff,  0xff, 0xff,  0xfe, 0xff,  0xde, 0xf7,  0xff, 0xf7,
  0xff, 0xff,  0x1a, 0xb6,  0xef, 0x42,  0x92, 0x53,  0x3e, 0xcf,  0xbf, 0xdf,  0xf7, 0x7c,  0x6f, 0x22,  0xef, 0x01,  0x72, 0x02,  0x93, 0x02,  0x72, 0x02,
  0x52, 0x02,  0x52, 0x02,  0x52, 0x02,  0x52, 0x02,  0x52, 0x02,  0x72, 0x02,  0x72, 0x02,  0x2f, 0x0a,  0x58, 0x85,  0x39, 0xb6,  0xd8, 0xa5,  0xb2, 0x4b,
  0x9f, 0xcf,  0x9e, 0xd7,  0x5a, 0xb6,  0x58, 0x7d,  0x50, 0x0a,  0x73, 0x02,  0x52, 0x02,  0x52, 0x02,  0x72, 0x02,  0x72, 0x02,  0x72, 0x02,  0x72, 0x02,
  0x52, 0x02,  0x52, 0x02,  0x93, 0x02,  0x30, 0x02,  0x34, 0x33,  0x5b, 0x75,  0xf0, 0x01,  0x53, 0x2b,  0x17, 0x75,  0x3a, 0x75,  0x54, 0x33,  0x30, 0x0a,
  0x52, 0x0a,  0x52, 0x02,  0x51, 0x02,  0x51, 0x02,  0x52, 0x02,  0x53, 0x02,  0x52, 0x02,  0x52, 0x02,  0x51, 0x02,  0x51, 0x02,  0x71, 0x02,  0x72, 0x02,
  0x72, 0x02,  0x30, 0x02,  0x2f, 0x02,  0x14, 0x54,  0x1d, 0xc7,  0xff, 0xe7,  0xf6, 0x7c,  0x8d, 0x3a,  0xf5, 0x8c,  0xdf, 0xef,  0xff, 0xff,  0xbd, 0xef,
  0xfe, 0xf7,  0xff, 0xff,  0xff, 0xff,  0xff, 0xff,  0xff, 0xff,  0xff, 0xff,  0xff, 0xff,  0xff, 0xff,  0xff, 0xff,  0xff, 0xff,  0xff, 0xff,  0xff, 0xff,
  0xff, 0xff,  0xff, 0xff,  0xff, 0xff,  0xff, 0xff,  0xff, 0xff,  0xff, 0xff,  0xff, 0xff,  0xff, 0xff,  0xff, 0xff,  0xff, 0xff,  0xff, 0xff,  0xff, 0xff,
  0xff, 0xff,  0xff, 0xff,  0xff, 0xff,  0xff, 0xff,  0xff, 0xff,  0xff, 0xff,  0xff, 0xff,  0xff, 0xff,  0xff, 0xff,  0xff, 0xff,  0xff, 0xff,  0xff, 0xff,
  0xff, 0xff,  0xff, 0xff,  0xff, 0xff,  0xff, 0xff,  0xff, 0xff,  0xff, 0xff,  0xff, 0xff,  0xdf, 0xff,  0xde, 0xff,  0xbe, 0xf7,  0xff, 0xff,  0xbf, 0xe7,
  0x94, 0x7c,  0xae, 0x3a,  0xb9, 0x9d,  0xff, 0xf7,  0x1a, 0xae,  0x11, 0x2b,  0x30, 0x02,  0x72, 0x02,  0x72, 0x02,  0x52, 0x02,  0x52, 0x02,  0x52, 0x02,
  0x52, 0x02,  0x52, 0x02,  0x52, 0x02,  0x52, 0x02,  0x52, 0x02,  0x72, 0x02,  0x72, 0x02,  0xef, 0x01,  0xf4, 0x53,  0xdf, 0xdf,  0x1d, 0xc7,  0xf0, 0x3a,
  0x38, 0x75,  0x56, 0x85,  0x7e, 0xd7,  0xb6, 0x6c,  0x30, 0x02,  0x73, 0x02,  0x52, 0x02,  0x51, 0x02,  0x72, 0x02,  0x72, 0x02,  0x72, 0x02,  0x72, 0x02,
  0x72, 0x02,  0x52, 0x02,  0x51, 0x02,  0x51, 0x0a,  0xd3, 0x1a,  0x13, 0x23,  0x0e, 0x0a,  0x3c, 0x96,  0x9f, 0xcf,  0xd5, 0x43,  0xef, 0x01,  0x72, 0x0a,
  0x52, 0x02,  0x52, 0x02,  0x51, 0x02,  0x51, 0x02,  0x52, 0x02,  0x52, 0x02,  0x52, 0x02,  0x52, 0x02,  0x52, 0x02,  0x71, 0x02,  0x71, 0x02,  0x51, 0x02,
  0x72, 0x02,  0x93, 0x02,  0x72, 0x02,  0xef, 0x01,  0x2e, 0x1a,  0xb5, 0x74,  0xbf, 0xdf,  0x1d, 0xc7,  0x50, 0x4b,  0x70, 0x53,  0xfd, 0xce,  0xff, 0xff,
  0xde, 0xff,  0xdf, 0xff,  0xff, 0xff,  0xff, 0xff,  0xff, 0xff,  0xff, 0xff,  0xff, 0xff,  0xff, 0xff,  0xff, 0xff,  0xff, 0xff,  0xff, 0xff,  0xff, 0xff,
  0xff, 0xff,  0xff, 0xff,  0xff, 0xff,  0xff, 0xff,  0xff, 0xff,  0xff, 0xff,  0xff, 0xff,  0xff, 0xff,  0xff, 0xff,  0xff, 0xff,  0xff, 0xff,  0xff, 0xff,
  0xff, 0xff,  0xff, 0xff,  0xff, 0xff,  0xff, 0xff,  0xff, 0xff,  0xff, 0xff,  0xff, 0xff,  0xff, 0xff,  0xff, 0xff,  0xff, 0xff,  0xff, 0xff,  0xff, 0xff,
  0xff, 0xff,  0xff, 0xff,  0xff, 0xff,  0xff, 0xff,  0xfe, 0xff,  0xff, 0xff,  0xdf, 0xff,  0xdf, 0xff,  0xbe, 0xf7,  0xff, 0xff,  0xfe, 0xd6,  0x10, 0x4b,
  0x91, 0x53,  0x7e, 0xcf,  0xbf, 0xd7,  0x14, 0x5c,  0x0f, 0x12,  0x2f, 0x0a,  0x30, 0x02,  0x11, 0x02,  0x53, 0x02,  0x72, 0x02,  0x52, 0x02,  0x52, 0x02,
  0x52, 0x02,  0x52, 0x02,  0x52, 0x02,  0x52, 0x02,  0x72, 0x02,  0x72, 0x02,  0x72, 0x02,  0x31, 0x02,  0x32, 0x33,  0x7c, 0xb6,  0x1a, 0xa6,  0x59, 0x85,
  0x2e, 0x12,  0xaf, 0x2a,  0xfa, 0xa5,  0xaf, 0x2a,  0x31, 0x02,  0x73, 0x02,  0x71, 0x02,  0x51, 0x02,  0x72, 0x02,  0x72, 0x02,  0x72, 0x02,  0x52, 0x02,
  0x72, 0x02,  0x72, 0x02,  0xf1, 0x09,  0x92, 0x1a,  0x3a, 0x65,  0xec, 0x01,  0x33, 0x54,  0x7c, 0xa6,  0x4f, 0x1a,  0x2f, 0x02,  0x30, 0x02,  0x72, 0x0a,
  0x72, 0x02,  0x73, 0x02,  0x72, 0x02,  0x72, 0x02,  0x52, 0x02,  0x52, 0x02,  0x52, 0x02,  0x72, 0x02,  0x72, 0x02,  0x72, 0x02,  0x72, 0x02,  0x72, 0x02,
  0x72, 0x02,  0x72, 0x0a,  0x31, 0x12,  0x33, 0x2b,  0x32, 0x2b,  0xce, 0x22,  0x8f, 0x53,  0x5b, 0xae,  0xff, 0xe7,  0xd6, 0x7c,  0x8d, 0x3a,  0x99, 0xa5,
  0xff, 0xff,  0xdf, 0xff,  0xdf, 0xff,  0xff, 0xf7,  0xff, 0xff,  0xff, 0xff,  0xfe, 0xff,  0xfe, 0xff,  0xff, 0xff,  0xff, 0xff,  0xff, 0xff,  0xff, 0xff,
  0xff, 0xff,  0xff, 0xff,  0xff, 0xff,  0xff, 0xff,  0xff, 0xff,  0xff, 0xff,  0xff, 0xff,  0xff, 0xff,  0xff, 0xff,  0xff, 0xff,  0xff, 0xff,  0xff, 0xff,
  0xff, 0xff,  0xff, 0xff,  0xff, 0xff,  0xff, 0xff,  0xff, 0xff,  0xff, 0xff,  0xff, 0xff,  0xff, 0xff,  0xff, 0xff,  0xff, 0xff,  0xff, 0xff,  0xff, 0xff,
  0xff, 0xff,  0xff, 0xff,  0xdf, 0xff,  0xfe, 0xff,  0xfd, 0xff,  0xde, 0xff,  0xde, 0xff,  0xdf, 0xf7,  0xff, 0xf7,  0x39, 0xa6,  0x4e, 0x3a,  0xb7, 0x8c,
  0xff, 0xef,  0x5a, 0x9e,  0xd0, 0x22,  0xf0, 0x01,  0x72, 0x0a,  0xd3, 0x0a,  0xf4, 0x43,  0xb6, 0x64,  0x14, 0x23,  0x32, 0x02,  0x52, 0x02,  0x72, 0x02,
  0x72, 0x02,  0x52, 0x02,  0x52, 0x02,  0x72, 0x02,  0x72, 0x02,  0x52, 0x02,  0x72, 0x02,  0x52, 0x02,  0x90, 0x22,  0xfd, 0xc6,  0x7e, 0xdf,  0xf7, 0x74,
  0x30, 0x0a,  0x0f, 0x0a,  0x19, 0x75,  0x95, 0x43,  0x11, 0x02,  0x94, 0x02,  0x92, 0x02,  0x72, 0x02,  0x72, 0x02,  0x52, 0x02,  0x72, 0x02,  0x73, 0x02,
  0x72, 0x02,  0x92, 0x0a,  0xef, 0x01,  0x97, 0x5c,  0x59, 0x75,  0x8c, 0x09,  0xb6, 0x6c,  0x1d, 0xbf,  0x55, 0x6c,  0x95, 0x6c,  0xb6, 0x64,  0x19, 0x6d,
  0x0f, 0x02,  0x72, 0x02,  0x92, 0x02,  0x73, 0x02,  0x52, 0x02,  0x52, 0x02,  0x52, 0x02,  0x72, 0x02,  0x72, 0x02,  0x52, 0x02,  0x52, 0x02,  0x72, 0x0a,
  0x30, 0x02,  0xb4, 0x33,  0x52, 0x3b,  0x59, 0x85,  0x78, 0x85,  0xbc, 0xae,  0x95, 0x64,  0x2d, 0x1a,  0x37, 0x85,  0xff, 0xe7,  0x7a, 0xae,  0xae, 0x32,
  0x95, 0x7c,  0xdf, 0xf7,  0xdf, 0xff,  0xdf, 0xf7,  0xff, 0xf7,  0xff, 0xf7,  0xfd, 0xff,  0xfe, 0xff,  0xff, 0xff,  0xff, 0xff,  0xff, 0xff,  0xff, 0xff,
  0xff, 0xff,  0xff, 0xff,  0xff, 0xff,  0xff, 0xff,  0xff, 0xff,  0xff, 0xff,  0xff, 0xff,  0xff, 0xff,  0xff, 0xff,  0xff, 0xff,  0xff, 0xff,  0xff, 0xff,
  0xff, 0xff,  0xff, 0xff,  0xff, 0xff,  0xff, 0xff,  0xff, 0xff,  0xff, 0xff,  0xff, 0xff,  0xff, 0xff,  0xff, 0xff,  0xff, 0xff,  0xff, 0xff,  0xff, 0xff,
  0xff, 0xff,  0xff, 0xff,  0xfe, 0xff,  0xdf, 0xff,  0xdf, 0xff,  0xde, 0xff,  0xfd, 0xf7,  0xff, 0xff,  0x17, 0x95,  0x4c, 0x32,  0x39, 0xb6,  0xff, 0xef,
  0xd6, 0x6c,  0x0f, 0x0a,  0x11, 0x0a,  0x31, 0x12,  0x10, 0x02,  0x70, 0x0a,  0xbd, 0xae,  0x5e, 0xcf,  0x32, 0x33,  0xd3, 0x1a,  0x71, 0x0a,  0x72, 0x02,
  0x72, 0x02,  0x52, 0x02,  0x72, 0x02,  0x72, 0x02,  0x72, 0x02,  0x51, 0x02,  0x52, 0x02,  0x73, 0x02,  0xf0, 0x01,  0xb7, 0x64,  0x99, 0x85,  0x2d, 0x02,
  0xb2, 0x02,  0x50, 0x02,  0x36, 0x4c,  0xd9, 0x5c,  0x11, 0x02,  0x74, 0x02,  0x33, 0x02,  0x31, 0x02,  0x31, 0x02,  0x31, 0x02,  0x11, 0x02,  0x11, 0x02,
  0x11, 0x02,  0x51, 0x02,  0xee, 0x01,  0xb7, 0x54,  0x99, 0x5c,  0xd1, 0x09,  0x2f, 0x22,  0xd6, 0x74,  0xbc, 0xbe,  0xfd, 0xce,  0xff, 0xe7,  0x9a, 0x8d,
  0xee, 0x01,  0x71, 0x0a,  0x71, 0x02,  0x71, 0x02,  0x51, 0x02,  0x71, 0x02,  0x71, 0x02,  0x72, 0x02,  0x52, 0x02,  0x53, 0x02,  0x52, 0x0a,  0x30, 0x0a,
  0xee, 0x01,  0x35, 0x54,  0x1b, 0xa6,  0x19, 0xae,  0x97, 0xa5,  0x5a, 0xae,  0xf0, 0x32,  0x35, 0x5c,  0xb4, 0x4b,  0x31, 0x3b,  0x7e, 0xc7,  0xbe, 0xd7,
  0x2f, 0x43,  0x91, 0x53,  0x9d, 0xef,  0xde, 0xff,  0xbf, 0xff,  0xff, 0xf7,  0xff, 0xf7,  0xff, 0xff,  0xff, 0xff,  0xff, 0xff,  0xff, 0xff,  0xff, 0xff,
  0xff, 0xff,  0xff, 0xff,  0xff, 0xff,  0xff, 0xff,  0xff, 0xff,  0xff, 0xff,  0xff, 0xff,  0xff, 0xff,  0xff, 0xff,  0xff, 0xff,  0xff, 0xff,  0xff, 0xff,
  0xff, 0xff,  0xff, 0xff,  0xff, 0xff,  0xff, 0xff,  0xff, 0xff,  0xff, 0xff,  0xff, 0xff,  0xff, 0xff,  0xff, 0xff,  0xff, 0xff,  0xff, 0xff,  0xff, 0xff,
  0xff, 0xff,  0xfe, 0xff,  0xfe, 0xff,  0xdf, 0xff,  0xbf, 0xf7,  0xdf, 0xf7,  0xff, 0xef,  0x93, 0x7c,  0xae, 0x3a,  0xfd, 0xce,  0x9e, 0xdf,  0xd0, 0x43,
  0xee, 0x01,  0x53, 0x0a,  0x31, 0x0a,  0x18, 0x75,  0xd4, 0x4b,  0x0d, 0x12,  0x1a, 0xae,  0x7e, 0xe7,  0x71, 0x43,  0xb8, 0x64,  0x91, 0x1a,  0x2f, 0x02,
  0x71, 0x02,  0x71, 0x02,  0x72, 0x02,  0x72, 0x02,  0x72, 0x02,  0x70, 0x02,  0x70, 0x02,  0x93, 0x02,  0x72, 0x02,  0x51, 0x0a,  0x51, 0x0a,  0x53, 0x0a,
  0x13, 0x02,  0xd0, 0x01,  0x11, 0x2b,  0x59, 0x7d,  0x2d, 0x12,  0xaf, 0x22,  0x10, 0x2b,  0x72, 0x3b,  0xb4, 0x43,  0xf5, 0x4b,  0xf5, 0x53,  0x16, 0x54,
  0x15, 0x54,  0xd4, 0x4b,  0x92, 0x3b,  0x50, 0x33,  0x12, 0x2b,  0x53, 0x12,  0x11, 0x02,  0xce, 0x01,  0xce, 0x01,  0x0e, 0x0a,  0x12, 0x2b,  0xd3, 0x1a,
  0x72, 0x02,  0x73, 0x02,  0x52, 0x02,  0x51, 0x02,  0x71, 0x02,  0x72, 0x02,  0x52, 0x02,  0x72, 0x02,  0x72, 0x0a,  0x31, 0x0a,  0x30, 0x0a,  0xf2, 0x2a,
  0xb0, 0x22,  0x79, 0x85,  0xfd, 0xce,  0xdb, 0xd6,  0x5d, 0xe7,  0xf9, 0xad,  0x1b, 0x96,  0x95, 0x43,  0x72, 0x12,  0x0f, 0x02,  0xb0, 0x22,  0x5b, 0xae,
  0xff, 0xe7,  0x13, 0x54,  0x0e, 0x4b,  0x3c, 0xdf,  0xff, 0xff,  0xbf, 0xf7,  0xff, 0xf7,  0xff, 0xff,  0xff, 0xff,  0xff, 0xff,  0xff, 0xff,  0xff, 0xff,
  0xff, 0xff,  0xff, 0xff,  0xff, 0xff,  0xff, 0xff,  0xff, 0xff,  0xff, 0xff,  0xff, 0xff,  0xff, 0xff,  0xff, 0xff,  0xff, 0xff,  0xff, 0xff,  0xff, 0xff,
  0xff, 0xff,  0xff, 0xff,  0xff, 0xff,  0xff, 0xff,  0xff, 0xff,  0xff, 0xff,  0xff, 0xff,  0xff, 0xff,  0xff, 0xff,  0xff, 0xff,  0xff, 0xff,  0xff, 0xff,
  0xff, 0xff,  0xff, 0xff,  0xdf, 0xff,  0xde, 0xf7,  0xdf, 0xf7,  0xdf, 0xef,  0x12, 0x64,  0x4f, 0x4b,  0x9f, 0xd7,  0xfd, 0xc6,  0xd1, 0x32,  0xf0, 0x01,
  0x73, 0x02,  0x51, 0x02,  0xaf, 0x1a,  0xbf, 0xcf,  0x7c, 0xa6,  0xab, 0x09,  0xd5, 0x8c,  0x1c, 0xdf,  0xd5, 0x7c,  0xb7, 0x6c,  0xb0, 0x2a,  0x12, 0x23,
  0x70, 0x0a,  0x71, 0x02,  0x72, 0x02,  0x72, 0x02,  0x52, 0x02,  0x71, 0x02,  0x72, 0x02,  0x73, 0x02,  0x52, 0x02,  0x11, 0x02,  0xd0, 0x09,  0x11, 0x12,
  0x92, 0x32,  0xb4, 0x5b,  0x16, 0x85,  0x9b, 0xb6,  0xdb, 0xc6,  0x5d, 0xd7,  0xdf, 0xdf,  0xff, 0xef,  0xff, 0xef,  0xff, 0xef,  0xff, 0xef,  0xff, 0xef,
  0xff, 0xf7,  0xff, 0xef,  0xff, 0xef,  0xff, 0xe7,  0x7e, 0xd7,  0xfd, 0xc6,  0x5b, 0xae,  0x57, 0x8d,  0x36, 0x64,  0x32, 0x3b,  0x2e, 0x12,  0xef, 0x01,
  0x10, 0x02,  0x52, 0x02,  0x73, 0x02,  0x73, 0x02,  0x73, 0x02,  0x53, 0x02,  0x53, 0x02,  0x52, 0x02,  0x30, 0x02,  0xb0, 0x1a,  0xbb, 0x7d,  0xf6, 0x43,
  0x95, 0x3b,  0x9b, 0x85,  0xd8, 0x9d,  0xf8, 0xad,  0x1a, 0xae,  0x99, 0x95,  0xb6, 0x6c,  0x0e, 0x0a,  0x32, 0x02,  0x73, 0x0a,  0x12, 0x0a,  0x30, 0x1a,
  0x99, 0x8d,  0xff, 0xe7,  0xb4, 0x74,  0xed, 0x3a,  0x1d, 0xc7,  0xff, 0xf7,  0xde, 0xf7,  0xfe, 0xff,  0xff, 0xff,  0xff, 0xff,  0xff, 0xff,  0xff, 0xff,
  0xff, 0xff,  0xff, 0xff,  0xff, 0xff,  0xff, 0xff,  0xff, 0xff,  0xff, 0xff,  0xff, 0xff,  0xff, 0xff,  0xff, 0xff,  0xff, 0xff,  0xff, 0xff,  0xff, 0xff,
  0xff, 0xff,  0xff, 0xff,  0xff, 0xff,  0xff, 0xff,  0xff, 0xff,  0xff, 0xff,  0xff, 0xff,  0xff, 0xff,  0xff, 0xff,  0xff, 0xff,  0xff, 0xff,  0xff, 0xff,
  0xdf, 0xff,  0xdf, 0xff,  0xdf, 0xff,  0xdf, 0xf7,  0xdf, 0xef,  0xb1, 0x5b,  0x92, 0x53,  0xff, 0xdf,  0x9b, 0xa6,  0x8f, 0x22,  0xf1, 0x09,  0x55, 0x0a,
  0x94, 0x02,  0x2e, 0x02,  0x33, 0x4c,  0xff, 0xf7,  0xf9, 0xa5,  0x52, 0x43,  0xde, 0xc6,  0xdb, 0xce,  0x7e, 0xd7,  0x75, 0x6c,  0x96, 0x6c,  0x1b, 0x8e,
  0x74, 0x2b,  0x30, 0x02,  0x72, 0x02,  0x52, 0x02,  0x52, 0x0a,  0x73, 0x0a,  0x33, 0x02,  0xd0, 0x01,  0x30, 0x1a,  0x52, 0x3b,  0xf7, 0x74,  0x9c, 0xae,
  0xbf, 0xd7,  0xff, 0xdf,  0xff, 0xd7,  0xbf, 0xc7,  0x5e, 0xbf,  0xbd, 0xa6,  0x3c, 0x8e,  0xfb, 0x6d,  0xba, 0x5d,  0x7a, 0x5d,  0x5a, 0x5d,  0x5a, 0x55,
  0x5a, 0x55,  0x9a, 0x5d,  0xbb, 0x6d,  0x3b, 0x86,  0x9c, 0x96,  0x1e, 0xb7,  0xbe, 0xcf,  0xff, 0xe7,  0xff, 0xef,  0xff, 0xe7,  0xfd, 0xc6,  0x78, 0x95,
  0xb3, 0x53,  0x90, 0x22,  0x10, 0x02,  0x31, 0x02,  0x52, 0x02,  0x52, 0x02,  0x53, 0x02,  0x52, 0x0a,  0x0f, 0x02,  0x3c, 0x8e,  0x58, 0x75,  0xef, 0x01,
  0x51, 0x0a,  0x90, 0x1a,  0x74, 0x64,  0x97, 0x95,  0xb3, 0x4b,  0xb5, 0x4b,  0xf8, 0x6c,  0x55, 0x4c,  0x30, 0x02,  0x54, 0x02,  0x33, 0x02,  0x32, 0x0a,
  0x0f, 0x0a,  0xf6, 0x74,  0xff, 0xef,  0x36, 0x85,  0xae, 0x2a,  0xfc, 0xbe,  0xff, 0xff,  0xbd, 0xff,  0xdf, 0xff,  0xdf, 0xff,  0xff, 0xff,  0xff, 0xff,
  0xff, 0xff,  0xff, 0xff,  0xff, 0xff,  0xff, 0xff,  0xff, 0xff,  0xff, 0xff,  0xff, 0xff,  0xff, 0xff,  0xff, 0xff,  0xff, 0xff,  0xff, 0xff,  0xff, 0xff,
  0xff, 0xff,  0xff, 0xff,  0xff, 0xff,  0xff, 0xff,  0xff, 0xff,  0xff, 0xff,  0xff, 0xff,  0xff, 0xff,  0xff, 0xff,  0xff, 0xff,  0xff, 0xff,  0xff, 0xff,
  0xff, 0xff,  0xbe, 0xf7,  0xfe, 0xf7,  0xff, 0xf7,  0xb2, 0x63,  0x70, 0x53,  0xff, 0xe7,  0x3a, 0x9e,  0x6e, 0x1a,  0x30, 0x02,  0x73, 0x0a,  0x53, 0x02,
  0x92, 0x02,  0x2f, 0x02,  0x11, 0x33,  0xfd, 0xce,  0xfd, 0xc6,  0xf1, 0x32,  0x59, 0x85,  0x1d, 0xcf,  0x15, 0x7d,  0x54, 0x6c,  0x79, 0x95,  0xed, 0x11,
  0x70, 0x1a,  0x71, 0x0a,  0x72, 0x02,  0x72, 0x0a,  0x11, 0x02,  0xef, 0x01,  0xd0, 0x2a,  0xd6, 0x7c,  0xdd, 0xc6,  0xff, 0xe7,  0xff, 0xe7,  0x9e, 0xc7,
  0x9c, 0x96,  0xda, 0x65,  0x19, 0x3d,  0x98, 0x24,  0x37, 0x1c,  0x17, 0x14,  0x58, 0x04,  0x59, 0x04,  0x39, 0x04,  0x59, 0x04,  0x5a, 0x04,  0x5a, 0x04,
  0x59, 0x04,  0x39, 0x04,  0x39, 0x04,  0x58, 0x04,  0x39, 0x0c,  0x1a, 0x14,  0x79, 0x24,  0xd7, 0x34,  0x79, 0x55,  0x5c, 0x7e,  0x5e, 0xaf,  0xff, 0xdf,
  0xff, 0xef,  0x5e, 0xd7,  0xb9, 0x95,  0x92, 0x43,  0x2e, 0x02,  0xef, 0x01,  0x52, 0x0a,  0x53, 0x0a,  0x51, 0x0a,  0x56, 0x54,  0x8f, 0x12,  0x70, 0x0a,
  0xb2, 0x12,  0xcd, 0x01,  0xb5, 0x64,  0x1d, 0xb7,  0xd1, 0x2a,  0xd0, 0x01,  0x16, 0x4c,  0xfc, 0x85,  0x6f, 0x0a,  0x71, 0x02,  0x52, 0x02,  0x72, 0x02,
  0x71, 0x0a,  0xee, 0x09,  0x96, 0x6c,  0xff, 0xef,  0x36, 0x8d,  0xcd, 0x3a,  0x1d, 0xc7,  0xff, 0xf7,  0xbe, 0xf7,  0xdf, 0xff,  0xff, 0xff,  0xff, 0xff,
  0xff, 0xff,  0xff, 0xff,  0xff, 0xff,  0xff, 0xff,  0xff, 0xff,  0xff, 0xff,  0xff, 0xff,  0xff, 0xff,  0xff, 0xff,  0xff, 0xff,  0xff, 0xff,  0xff, 0xff,
  0xff, 0xff,  0xff, 0xff,  0xff, 0xff,  0xff, 0xff,  0xff, 0xff,  0xff, 0xff,  0xff, 0xff,  0xff, 0xff,  0xff, 0xff,  0xdf, 0xff,  0xdf, 0xff,  0xfe, 0xff,
  0xfe, 0xff,  0xdf, 0xf7,  0xff, 0xef,  0xf2, 0x63,  0x30, 0x53,  0xff, 0xef,  0x19, 0x9e,  0x2e, 0x12,  0x32, 0x02,  0x72, 0x02,  0x52, 0x02,  0x72, 0x02,
  0x71, 0x02,  0x70, 0x02,  0x10, 0x0a,  0x6e, 0x22,  0xdc, 0xbe,  0xb7, 0x64,  0x6c, 0x01,  0x55, 0x54,  0x31, 0x54,  0x73, 0x74,  0xbd, 0xbe,  0xdb, 0x95,
  0x91, 0x1a,  0x51, 0x0a,  0x30, 0x02,  0x0f, 0x12,  0x52, 0x43,  0xd9, 0x9d,  0xdf, 0xe7,  0xff, 0xef,  0x9e, 0xbf,  0x7c, 0x7e,  0x39, 0x45,  0x77, 0x24,
  0x38, 0x0c,  0x39, 0x04,  0x7a, 0x04,  0x9b, 0x04,  0x9b, 0x04,  0xbb, 0x04,  0xdb, 0x04,  0xbb, 0x04,  0xbb, 0x04,  0xbb, 0x04,  0x9b, 0x04,  0x9b, 0x04,
  0x9b, 0x04,  0x9b, 0x04,  0x9b, 0x04,  0x9b, 0x04,  0x7b, 0x04,  0x7c, 0x04,  0x7b, 0x04,  0x79, 0x04,  0x59, 0x04,  0x59, 0x04,  0x58, 0x14,  0xb8, 0x34,
  0xdb, 0x6d,  0x1d, 0xaf,  0xff, 0xe7,  0xff, 0xef,  0xbb, 0xae,  0x14, 0x5c,  0x50, 0x1a,  0x10, 0x0a,  0x71, 0x0a,  0x50, 0x02,  0x70, 0x0a,  0x90, 0x0a,
  0xdc, 0x7d,  0xba, 0x8d,  0x1d, 0xcf,  0xf9, 0xa5,  0xf2, 0x32,  0x52, 0x12,  0x30, 0x02,  0x71, 0x0a,  0x71, 0x0a,  0x71, 0x02,  0x52, 0x02,  0x72, 0x02,
  0x72, 0x02,  0x52, 0x0a,  0xef, 0x01,  0x76, 0x64,  0xff, 0xf7,  0xd5, 0x8c,  0xad, 0x3a,  0x5e, 0xcf,  0xff, 0xf7,  0xbf, 0xf7,  0xdf, 0xff,  0xde, 0xff,
  0xfe, 0xff,  0xff, 0xff,  0xff, 0xff,  0xff, 0xff,  0xff, 0xff,  0xff, 0xff,  0xff, 0xff,  0xff, 0xff,  0xff, 0xff,  0xff, 0xff,  0xff, 0xff,  0xff, 0xff,
  0xff, 0xff,  0xff, 0xff,  0xff, 0xff,  0xff, 0xff,  0xff, 0xff,  0xff, 0xff,  0xff, 0xff,  0xff, 0xff,  0xff, 0xff,  0xff, 0xff,  0xfe, 0xff,  0xfd, 0xff,
  0xde, 0xf7,  0xff, 0xf7,  0x93, 0x74,  0xee, 0x42,  0xdf, 0xef,  0x5a, 0xae,  0x4d, 0x1a,  0x31, 0x02,  0x54, 0x02,  0x52, 0x02,  0x72, 0x02,  0x72, 0x02,
  0x51, 0x02,  0x71, 0x02,  0x51, 0x02,  0x90, 0x1a,  0x7e, 0xcf,  0x78, 0x7d,  0x8d, 0x01,  0x1a, 0x65,  0x77, 0x7d,  0x30, 0x43,  0x19, 0x85,  0xb4, 0x43,
  0x0f, 0x02,  0x30, 0x02,  0x73, 0x3b,  0xfa, 0x9d,  0xff, 0xef,  0xff, 0xe7,  0xdd, 0xa6,  0x58, 0x5d,  0x76, 0x2c,  0x37, 0x0c,  0x39, 0x04,  0x7b, 0x04,
  0x9b, 0x04,  0x9b, 0x04,  0x9b, 0x04,  0x9b, 0x04,  0x9b, 0x04,  0x9b, 0x04,  0x9b, 0x04,  0x9b, 0x04,  0x9b, 0x04,  0x9b, 0x04,  0x9b, 0x04,  0x9b, 0x04,
  0x9b, 0x04,  0x9b, 0x04,  0x7b, 0x04,  0x7b, 0x04,  0x7b, 0x04,  0x9b, 0x04,  0x9b, 0x04,  0x7b, 0x04,  0x9b, 0x04,  0x9b, 0x04,  0x9b, 0x04,  0x7a, 0x04,
  0x18, 0x0c,  0x36, 0x24,  0xd7, 0x4c,  0x3b, 0x86,  0xbf, 0xc7,  0xff, 0xe7,  0xdd, 0xbe,  0x35, 0x64,  0x6f, 0x12,  0x4f, 0x02,  0xb2, 0x12,  0x50, 0x0a,
  0xb1, 0x22,  0x95, 0x74,  0xfc, 0xce,  0xf6, 0x8c,  0x77, 0x5c,  0x31, 0x02,  0x72, 0x02,  0x51, 0x02,  0x52, 0x02,  0x72, 0x02,  0x52, 0x02,  0x72, 0x02,
  0x72, 0x02,  0x52, 0x02,  0x72, 0x02,  0x0e, 0x02,  0x95, 0x74,  0xff, 0xf7,  0x73, 0x74,  0x0f, 0x43,  0x9f, 0xe7,  0xff, 0xf7,  0xdf, 0xff,  0xdf, 0xff,
  0xdf, 0xff,  0xff, 0xff,  0xff, 0xff,  0xff, 0xff,  0xff, 0xff,  0xff, 0xff,  0xff, 0xff,  0xff, 0xff,  0xff, 0xff,  0xff, 0xff,  0xff, 0xff,  0xff, 0xff,
  0xff, 0xff,  0xff, 0xff,  0xff, 0xff,  0xff, 0xff,  0xff, 0xff,  0xff, 0xff,  0xff, 0xff,  0xff, 0xff,  0xff, 0xff,  0xff, 0xff,  0xfe, 0xff,  0xfe, 0xf7,
  0xff, 0xff,  0x36, 0x95,  0xcc, 0x42,  0x9e, 0xdf,  0x9c, 0xb6,  0x4f, 0x1a,  0x30, 0x02,  0x53, 0x02,  0x53, 0x02,  0x52, 0x02,  0x72, 0x02,  0x72, 0x02,
  0x51, 0x02,  0x71, 0x02,  0x51, 0x02,  0xb1, 0x1a,  0xdd, 0xae,  0xfd, 0xae,  0xd0, 0x2a,  0x70, 0x1a,  0x54, 0x3b,  0x4f, 0x1a,  0x30, 0x0a,  0xce, 0x01,
  0xf1, 0x2a,  0x99, 0x8d,  0xff, 0xe7,  0xff, 0xdf,  0x9c, 0x96,  0xf8, 0x3c,  0x78, 0x14,  0x37, 0x0c,  0x79, 0x04,  0x9a, 0x04,  0x9b, 0x0c,  0x7c, 0x04,
  0x9b, 0x04,  0x9b, 0x04,  0x9b, 0x04,  0x9b, 0x04,  0x9b, 0x04,  0x9b, 0x04,  0x9b, 0x04,  0x9b, 0x04,  0xbb, 0x04,  0x9b, 0x04,  0x9b, 0x04,  0x9b, 0x04,
  0x9b, 0x04,  0x9b, 0x04,  0x9b, 0x04,  0x9b, 0x04,  0x9b, 0x04,  0x7b, 0x04,  0x7b, 0x04,  0x7b, 0x04,  0x7b, 0x04,  0x7b, 0x04,  0x7b, 0x04,  0x9b, 0x04,
  0x9b, 0x0c,  0x9b, 0x0c,  0x59, 0x0c,  0x18, 0x0c,  0x77, 0x34,  0xda, 0x7d,  0xbf, 0xcf,  0xff, 0xef,  0x9c, 0xae,  0xb3, 0x43,  0x11, 0x2b,  0x9b, 0x85,
  0x14, 0x5c,  0xda, 0x9d,  0x38, 0x85,  0xac, 0x09,  0x52, 0x02,  0x74, 0x02,  0x52, 0x02,  0x52, 0x02,  0x52, 0x02,  0x72, 0x02,  0x72, 0x02,  0x52, 0x02,
  0x72, 0x02,  0x51, 0x02,  0x72, 0x02,  0x71, 0x0a,  0x0d, 0x0a,  0xf6, 0x7c,  0xff, 0xef,  0xf3, 0x63,  0x72, 0x5b,  0xdf, 0xef,  0xff, 0xf7,  0xbf, 0xff,
  0xdf, 0xff,  0xff, 0xff,  0xff, 0xff,  0xff, 0xff,  0xff, 0xff,  0xff, 0xff,  0xff, 0xff,  0xff, 0xff,  0xff, 0xff,  0xff, 0xff,  0xff, 0xff,  0xff, 0xff,
  0xff, 0xff,  0xff, 0xff,  0xff, 0xff,  0xff, 0xff,  0xff, 0xff,  0xff, 0xff,  0xff, 0xff,  0xff, 0xff,  0xff, 0xff,  0xfe, 0xff,  0xde, 0xf7,  0xff, 0xf7,
  0x3a, 0xb6,  0x6d, 0x3a,  0xbb, 0xc6,  0x5e, 0xcf,  0xaf, 0x22,  0x10, 0x02,  0x74, 0x02,  0x53, 0x02,  0x72, 0x02,  0x52, 0x02,  0x52, 0x02,  0x72, 0x02,
  0x72, 0x02,  0x52, 0x02,  0x52, 0x02,  0x31, 0x0a,  0x70, 0x12,  0xb6, 0x64,  0x7d, 0x9e,  0x70, 0x22,  0x10, 0x12,  0x2f, 0x0a,  0x4e, 0x0a,  0x96, 0x64,
  0x7f, 0xcf,  0xff, 0xef,  0x9b, 0xae,  0xb6, 0x4c,  0x38, 0x0c,  0x7b, 0x04,  0x9b, 0x04,  0xbc, 0x04,  0xbb, 0x04,  0x9b, 0x04,  0x9b, 0x04,  0x9b, 0x04,
  0x9b, 0x04,  0x9b, 0x04,  0x9b, 0x04,  0x9b, 0x04,  0x9b, 0x04,  0x9b, 0x04,  0x9b, 0x04,  0x9b, 0x04,  0x9b, 0x04,  0x9b, 0x04,  0x9b, 0x04,  0x9b, 0x04,
  0x9b, 0x04,  0x9b, 0x04,  0x9b, 0x04,  0x9b, 0x04,  0x9b, 0x04,  0x7b, 0x04,  0x7b, 0x04,  0x9b, 0x04,  0x9b, 0x04,  0x7b, 0x04,  0x7b, 0x04,  0x9b, 0x04,
  0xbc, 0x04,  0x9b, 0x04,  0x9b, 0x04,  0x9b, 0x04,  0x78, 0x0c,  0x17, 0x14,  0x77, 0x34,  0xfa, 0x7d,  0xff, 0xc7,  0xff, 0xe7,  0x78, 0x9d,  0xb1, 0x63,
  0xd6, 0x7c,  0x19, 0x75,  0x92, 0x12,  0x52, 0x02,  0x52, 0x02,  0x53, 0x02,  0x53, 0x02,  0x53, 0x02,  0x52, 0x02,  0x72, 0x02,  0x52, 0x02,  0x52, 0x02,
  0x72, 0x02,  0x72, 0x02,  0x73, 0x02,  0x73, 0x02,  0x51, 0x0a,  0x0e, 0x0a,  0xb9, 0x95,  0xff, 0xe7,  0x10, 0x4b,  0x73, 0x7c,  0xff, 0xf7,  0xde, 0xf7,
  0xde, 0xff,  0xff, 0xff,  0xff, 0xff,  0xff, 0xff,  0xff, 0xff,  0xff, 0xff,  0xff, 0xff,  0xff, 0xff,  0xff, 0xff,  0xff, 0xff,  0xff, 0xff,  0xff, 0xff,
  0xff, 0xff,  0xff, 0xff,  0xff, 0xff,  0xff, 0xff,  0xff, 0xff,  0xff, 0xff,  0xff, 0xff,  0xdf, 0xff,  0xde, 0xff,  0xfe, 0xff,  0xff, 0xf7,  0x3e, 0xd7,
  0x8d, 0x3a,  0xd9, 0xa5,  0xbf, 0xe7,  0x51, 0x33,  0x2f, 0x02,  0x73, 0x02,  0x33, 0x02,  0x53, 0x02,  0x72, 0x02,  0x52, 0x02,  0x52, 0x02,  0x72, 0x02,
  0x72, 0x02,  0x72, 0x02,  0x52, 0x02,  0x52, 0x0a,  0x31, 0x02,  0x0f, 0x0a,  0xfb, 0x8d,  0xfc, 0x95,  0xee, 0x11,  0x11, 0x23,  0x3a, 0xa6,  0xff, 0xf7,
  0x5e, 0xb7,  0x39, 0x55,  0x17, 0x1c,  0x39, 0x0c,  0x9c, 0x04,  0x9c, 0x04,  0x7b, 0x04,  0x7b, 0x04,  0x9b, 0x04,  0x9b, 0x04,  0x9a, 0x04,  0x9a, 0x04,
  0x9b, 0x04,  0x9b, 0x04,  0x9b, 0x04,  0x9b, 0x04,  0x9b, 0x04,  0x9b, 0x04,  0x9b, 0x04,  0x9b, 0x04,  0x9b, 0x04,  0x9b, 0x04,  0x9b, 0x04,  0x9b, 0x04,
  0x9b, 0x04,  0x9b, 0x04,  0x9b, 0x04,  0x9b, 0x04,  0x9b, 0x04,  0x9b, 0x04,  0x9b, 0x04,  0x9b, 0x04,  0x9b, 0x04,  0x9b, 0x04,  0x9b, 0x04,  0x9b, 0x04,
  0x9b, 0x04,  0x9a, 0x04,  0x9a, 0x04,  0x9a, 0x04,  0xbb, 0x04,  0xbb, 0x04,  0x7a, 0x04,  0x38, 0x0c,  0xb7, 0x34,  0x9c, 0x9e,  0xff, 0xf7,  0xdc, 0xce,
  0x91, 0x53,  0xad, 0x01,  0x72, 0x02,  0xb4, 0x02,  0x51, 0x0a,  0x50, 0x0a,  0x53, 0x02,  0x52, 0x02,  0x52, 0x02,  0x52, 0x02,  0x52, 0x02,  0x52, 0x02,
  0x72, 0x02,  0x73, 0x02,  0x53, 0x02,  0x54, 0x02,  0x73, 0x02,  0x31, 0x0a,  0x2f, 0x12,  0x7c, 0xae,  0x7e, 0xcf,  0x8c, 0x32,  0xd8, 0xa5,  0xff, 0xff,
  0xde, 0xf7,  0xdf, 0xff,  0xdf, 0xff,  0xff, 0xff,  0xff, 0xff,  0xff, 0xff,  0xff, 0xff,  0xff, 0xff,  0xff, 0xff,  0xff, 0xff,  0xff, 0xff,  0xff, 0xff,
  0xff, 0xff,  0xff, 0xff,  0xff, 0xff,  0xff, 0xff,  0xff, 0xff,  0xff, 0xff,  0xff, 0xff,  0xdf, 0xff,  0xdf, 0xff,  0xff, 0xff,  0xff, 0xf7,  0x50, 0x53,
  0x53, 0x6c,  0xff, 0xe7,  0x14, 0x54,  0xcf, 0x01,  0x73, 0x0a,  0x52, 0x02,  0x71, 0x02,  0x51, 0x02,  0x52, 0x02,  0x52, 0x02,  0x52, 0x02,  0x72, 0x02,
  0x72, 0x02,  0x72, 0x02,  0x52, 0x02,  0x52, 0x02,  0x73, 0x02,  0x33, 0x0a,  0x2e, 0x12,  0x8d, 0x1a,  0xd3, 0x53,  0x7e, 0xcf,  0xff, 0xe7,  0x1b, 0x96,
  0x57, 0x24,  0x5a, 0x04,  0xbc, 0x04,  0x9c, 0x04,  0x7b, 0x04,  0x7a, 0x04,  0x7b, 0x04,  0x7b, 0x04,  0x7b, 0x04,  0x9b, 0x04,  0x9b, 0x04,  0x9b, 0x04,
  0x9b, 0x04,  0x9b, 0x04,  0x9b, 0x04,  0x9b, 0x04,  0x9b, 0x04,  0x9b, 0x04,  0x9b, 0x04,  0x9b, 0x04,  0x9b, 0x04,  0x9b, 0x04,  0x9b, 0x04,  0x9b, 0x04,
  0x9b, 0x04,  0x9b, 0x04,  0x9b, 0x04,  0x9b, 0x04,  0x9b, 0x04,  0x9b, 0x04,  0x9b, 0x04,  0x9b, 0x04,  0x9b, 0x04,  0x9b, 0x04,  0x9b, 0x04,  0x9b, 0x04,
  0x9a, 0x04,  0x9a, 0x04,  0x9a, 0x04,  0x9a, 0x04,  0xbb, 0x04,  0xbb, 0x04,  0x9c, 0x04,  0x9c, 0x04,  0x5a, 0x0c,  0x16, 0x1c,  0x78, 0x65,  0xdf, 0xc7,
  0xff, 0xe7,  0x37, 0x85,  0x4f, 0x12,  0x12, 0x02,  0x54, 0x0a,  0x53, 0x02,  0x72, 0x02,  0x72, 0x02,  0x52, 0x02,  0x52, 0x02,  0x52, 0x02,  0x51, 0x02,
  0x52, 0x02,  0x72, 0x02,  0x51, 0x02,  0x52, 0x02,  0x73, 0x02,  0x94, 0x0a,  0x31, 0x02,  0xaf, 0x22,  0x7e, 0xc7,  0x7b, 0xa6,  0x8d, 0x3a,  0xdc, 0xce,
  0xff, 0xff,  0xde, 0xff,  0xff, 0xff,  0xff, 0xff,  0xff, 0xff,  0xff, 0xff,  0xff, 0xff,  0xff, 0xff,  0xff, 0xff,  0xff, 0xff,  0xff, 0xff,  0xff, 0xff,
  0xff, 0xff,  0xff, 0xff,  0xff, 0xff,  0xff, 0xff,  0xff, 0xff,  0xff, 0xff,  0xff, 0xff,  0xdf, 0xff,  0xde, 0xff,  0xff, 0xff,  0xf7, 0x8c,  0xef, 0x42,
  0xff, 0xe7,  0x78, 0x7d,  0x2f, 0x02,  0x73, 0x12,  0x34, 0x0a,  0x72, 0x02,  0x91, 0x02,  0x51, 0x02,  0x32, 0x02,  0x52, 0x02,  0x52, 0x02,  0x73, 0x02,
  0x72, 0x02,  0x73, 0x02,  0x53, 0x02,  0x51, 0x02,  0x92, 0x02,  0x54, 0x0a,  0x2e, 0x12,  0xd5, 0x74,  0xff, 0xe7,  0x7e, 0xc7,  0x59, 0x55,  0x19, 0x0c,
  0x7a, 0x0c,  0x9b, 0x04,  0x9a, 0x04,  0x9a, 0x04,  0x9b, 0x04,  0x9b, 0x04,  0x9b, 0x04,  0x9b, 0x04,  0x9b, 0x04,  0x7b, 0x04,  0x7b, 0x04,  0x7b, 0x04,
  0x9b, 0x04,  0x9b, 0x04,  0x9b, 0x04,  0x9b, 0x04,  0x9b, 0x04,  0x9b, 0x04,  0x9b, 0x04,  0x9b, 0x04,  0x9b, 0x04,  0x9b, 0x04,  0x9b, 0x04,  0x9b, 0x04,
  0x9b, 0x04,  0x9b, 0x04,  0x9b, 0x04,  0x9b, 0x04,  0x9b, 0x04,  0x9b, 0x04,  0x9b, 0x04,  0x9b, 0x04,  0x9b, 0x04,  0x9b, 0x04,  0x9b, 0x04,  0x9b, 0x04,
  0x9b, 0x04,  0x9b, 0x04,  0x9c, 0x04,  0xbb, 0x04,  0x9a, 0x04,  0x9a, 0x04,  0x7b, 0x04,  0x9c, 0x04,  0xbc, 0x0c,  0xbb, 0x04,  0x39, 0x04,  0xb8, 0x34,
  0xdd, 0xa6,  0xff, 0xff,  0x3a, 0xbe,  0x8f, 0x2a,  0x31, 0x02,  0xb4, 0x02,  0x71, 0x02,  0x71, 0x02,  0x71, 0x02,  0x71, 0x02,  0x51, 0x02,  0x52, 0x02,
  0x52, 0x02,  0x72, 0x02,  0x70, 0x0a,  0x50, 0x0a,  0x51, 0x02,  0x52, 0x02,  0x31, 0x02,  0x0f, 0x02,  0xb2, 0x43,  0xff, 0xe7,  0xd6, 0x7c,  0x10, 0x4b,
  0xdf, 0xef,  0xde, 0xff,  0xfe, 0xff,  0xff, 0xff,  0xff, 0xff,  0xff, 0xff,  0xff, 0xff,  0xff, 0xff,  0xff, 0xff,  0xff, 0xff,  0xff, 0xff,  0xff, 0xff,
  0xff, 0xff,  0xff, 0xff,  0xff, 0xff,  0xff, 0xff,  0xff, 0xff,  0xff, 0xff,  0xdf, 0xff,  0xdf, 0xff,  0xff, 0xff,  0xbc, 0xc6,  0x6f, 0x2a,  0xfc, 0xc6,
  0xfc, 0xbe,  0x52, 0x12,  0x31, 0x02,  0xee, 0x01,  0xf0, 0x01,  0x70, 0x02,  0x92, 0x02,  0x53, 0x02,  0x51, 0x02,  0x52, 0x02,  0x72, 0x02,  0x73, 0x02,
  0x53, 0x02,  0x53, 0x02,  0x53, 0x02,  0x72, 0x0a,  0x51, 0x02,  0x6f, 0x12,  0x78, 0x8d,  0xff, 0xff,  0xdd, 0xb6,  0xb8, 0x2c,  0x79, 0x04,  0x9b, 0x04,
  0x9b, 0x04,  0x9b, 0x04,  0x9b, 0x04,  0x9b, 0x04,  0x9b, 0x04,  0x9b, 0x04,  0x9b, 0x04,  0x9b, 0x04,  0x9b, 0x04,  0x9b, 0x04,  0x9b, 0x04,  0x9b, 0x04,
  0x9b, 0x04,  0x9b, 0x04,  0x9b, 0x04,  0x9b, 0x04,  0x9b, 0x04,  0x9b, 0x04,  0x9b, 0x04,  0x9b, 0x04,  0x9b, 0x04,  0x9b, 0x04,  0x9b, 0x04,  0x9b, 0x04,
  0x9b, 0x04,  0x9b, 0x04,  0x9b, 0x04,  0x9b, 0x04,  0x9b, 0x04,  0x9b, 0x04,  0x9b, 0x04,  0x9b, 0x04,  0x9b, 0x04,  0x9b, 0x04,  0x9b, 0x04,  0x9b, 0x04,
  0x9b, 0x04,  0x9b, 0x04,  0x9b, 0x04,  0x9b, 0x04,  0x9b, 0x04,  0x9b, 0x04,  0x9b, 0x04,  0x9b, 0x04,  0x9b, 0x04,  0xbb, 0x04,  0xbb, 0x04,  0x9a, 0x04,
  0x57, 0x24,  0xfa, 0x8d,  0xff, 0xef,  0xdc, 0xc6,  0x11, 0x2b,  0x30, 0x02,  0x72, 0x02,  0x51, 0x02,  0x70, 0x02,  0x71, 0x02,  0x72, 0x02,  0x53, 0x02,
  0x53, 0x02,  0x73, 0x02,  0x2f, 0x02,  0x4f, 0x0a,  0xd1, 0x22,  0x53, 0x2b,  0xf6, 0x43,  0x71, 0x0a,  0xee, 0x01,  0x16, 0x85,  0xff, 0xef,  0x51, 0x43,
  0x36, 0x7d,  0xff, 0xff,  0xbe, 0xff,  0xdf, 0xff,  0xff, 0xff,  0xff, 0xff,  0xfe, 0xff,  0xfe, 0xff,  0xff, 0xff,  0xff, 0xff,  0xff, 0xff,  0xff, 0xff,
  0xff, 0xff,  0xff, 0xff,  0xff, 0xff,  0xff, 0xff,  0xff, 0xff,  0xff, 0xff,  0xdf, 0xff,  0xde, 0xf7,  0xdf, 0xef,  0x12, 0x53,  0xf7, 0x84,  0xff, 0xdf,
  0x32, 0x3b,  0xd1, 0x09,  0xb1, 0x1a,  0x76, 0x5c,  0xf6, 0x4b,  0x70, 0x0a,  0x72, 0x02,  0x53, 0x02,  0x51, 0x02,  0x52, 0x02,  0x72, 0x02,  0x73, 0x02,
  0x53, 0x02,  0x32, 0x02,  0x72, 0x0a,  0x51, 0x0a,  0x6f, 0x1a,  0xfa, 0x9d,  0xff, 0xef,  0x9c, 0x96,  0x37, 0x24,  0x39, 0x14,  0x9b, 0x0c,  0x9b, 0x04,
  0x9b, 0x04,  0x9b, 0x04,  0x9b, 0x04,  0x9b, 0x04,  0x9b, 0x04,  0x9b, 0x04,  0x9b, 0x04,  0x9b, 0x04,  0x9b, 0x04,  0x9b, 0x04,  0x9b, 0x04,  0x9b, 0x04,
  0x9b, 0x04,  0x9b, 0x04,  0x9b, 0x04,  0x9b, 0x04,  0x9b, 0x04,  0x9b, 0x04,  0x9b, 0x04,  0x9b, 0x04,  0x9b, 0x04,  0x9b, 0x04,  0x9b, 0x04,  0x9b, 0x04,
  0x9b, 0x04,  0x9b, 0x04,  0x9b, 0x04,  0x9b, 0x04,  0x9b, 0x04,  0x9b, 0x04,  0x9b, 0x04,  0x9b, 0x04,  0x9b, 0x04,  0x9b, 0x04,  0x9b, 0x04,  0x9b, 0x04,
  0x9b, 0x04,  0x9b, 0x04,  0x9b, 0x04,  0x9b, 0x04,  0x9b, 0x04,  0x9b, 0x04,  0x9b, 0x04,  0x9b, 0x04,  0x9b, 0x04,  0x9b, 0x04,  0x9b, 0x04,  0x9b, 0x0c,
  0x79, 0x14,  0x36, 0x1c,  0xb8, 0x65,  0xff, 0xcf,  0x3e, 0xcf,  0x12, 0x43,  0x11, 0x02,  0x72, 0x0a,  0x52, 0x02,  0x74, 0x02,  0x95, 0x02,  0x52, 0x02,
  0x51, 0x0a,  0xef, 0x01,  0xf1, 0x22,  0x7c, 0x9e,  0x1e, 0xbf,  0xb6, 0x74,  0x79, 0x95,  0x18, 0x75,  0x10, 0x02,  0x4f, 0x1a,  0xbc, 0xb6,  0x1c, 0xbf,
  0x6d, 0x32,  0xfd, 0xce,  0xff, 0xff,  0xdf, 0xff,  0xdf, 0xff,  0xff, 0xff,  0xfe, 0xff,  0xff, 0xff,  0xff, 0xff,  0xff, 0xff,  0xff, 0xff,  0xff, 0xff,
  0xff, 0xff,  0xff, 0xff,  0xff, 0xff,  0xff, 0xff,  0xff, 0xff,  0xff, 0xff,  0xdf, 0xf7,  0xff, 0xf7,  0x78, 0x95,  0xf1, 0x52,  0xff, 0xf7,  0x56, 0x7d,
  0xce, 0x01,  0x10, 0x1a,  0xd7, 0x6c,  0x3b, 0x96,  0x3d, 0x96,  0x31, 0x0a,  0x52, 0x02,  0x73, 0x02,  0x72, 0x02,  0x52, 0x02,  0x72, 0x02,  0x73, 0x02,
  0x52, 0x02,  0x72, 0x0a,  0x30, 0x0a,  0x6f, 0x1a,  0x3a, 0xa6,  0xff, 0xf7,  0x3b, 0x96,  0x56, 0x14,  0x9a, 0x04,  0x7b, 0x0c,  0x5b, 0x0c,  0x9b, 0x04,
  0x7b, 0x04,  0x9b, 0x04,  0x9b, 0x04,  0x9b, 0x04,  0x9b, 0x04,  0x9b, 0x04,  0x9b, 0x04,  0x9b, 0x04,  0x9b, 0x04,  0x9b, 0x04,  0x9b, 0x04,  0x9b, 0x04,
  0x9b, 0x04,  0x9b, 0x04,  0x9b, 0x04,  0x9b, 0x04,  0x9b, 0x04,  0x9b, 0x04,  0x9b, 0x04,  0x9b, 0x04,  0x9b, 0x04,  0x9b, 0x04,  0x9b, 0x04,  0x9b, 0x04,
  0x9b, 0x04,  0x9b, 0x04,  0x9b, 0x04,  0x9b, 0x04,  0x9b, 0x04,  0x9b, 0x04,  0x9b, 0x04,  0x9b, 0x04,  0x9b, 0x04,  0x9b, 0x04,  0x9b, 0x04,  0x9b, 0x04,
  0x9b, 0x04,  0x9b, 0x04,  0x9b, 0x04,  0x9b, 0x04,  0x9b, 0x04,  0x9b, 0x04,  0x9b, 0x04,  0x9b, 0x04,  0xbb, 0x04,  0x9b, 0x04,  0x7b, 0x04,  0x7b, 0x0c,
  0x9b, 0x04,  0xdb, 0x04,  0x57, 0x0c,  0x58, 0x55,  0xff, 0xe7,  0x3e, 0xdf,  0x32, 0x3b,  0xef, 0x01,  0x73, 0x0a,  0x54, 0x02,  0x11, 0x02,  0xef, 0x01,
  0x8f, 0x22,  0x95, 0x6c,  0x9f, 0xd7,  0xfc, 0xbe,  0xd5, 0x74,  0x50, 0x43,  0xd2, 0x53,  0x59, 0x7d,  0x31, 0x0a,  0x31, 0x02,  0x71, 0x3b,  0xff, 0xe7,
  0xb5, 0x84,  0x71, 0x53,  0xff, 0xef,  0xdf, 0xff,  0xfe, 0xff,  0xfe, 0xff,  0xff, 0xff,  0xff, 0xff,  0xff, 0xff,  0xff, 0xff,  0xff, 0xff,  0xff, 0xff,
  0xff, 0xff,  0xff, 0xff,  0xff, 0xff,  0xdf, 0xff,  0xff, 0xff,  0xff, 0xf7,  0xff, 0xf7,  0x3f, 0xd7,  0xcf, 0x32,  0x7b, 0xbe,  0xdc, 0xc6,  0x11, 0x2b,
  0x7c, 0x96,  0x5b, 0xa6,  0x95, 0x64,  0x0d, 0x12,  0x90, 0x22,  0xef, 0x01,  0x30, 0x02,  0x51, 0x02,  0x52, 0x02,  0x52, 0x02,  0x52, 0x02,  0x73, 0x02,
  0x72, 0x02,  0x50, 0x0a,  0x2f, 0x12,  0x1a, 0x96,  0xff, 0xef,  0x1c, 0x8e,  0xf8, 0x23,  0x9b, 0x04,  0xfb, 0x04,  0xbb, 0x04,  0x7a, 0x04,  0x9b, 0x04,
  0x9b, 0x04,  0x9b, 0x04,  0x9b, 0x04,  0x9b, 0x04,  0x9b, 0x04,  0x9b, 0x04,  0x9b, 0x04,  0x9b, 0x04,  0x9b, 0x04,  0x9b, 0x04,  0x9b, 0x04,  0x9b, 0x04,
  0x9b, 0x04,  0x9b, 0x04,  0x9b, 0x04,  0x9b, 0x04,  0x9b, 0x04,  0x9b, 0x04,  0x9b, 0x04,  0x9b, 0x04,  0x9b, 0x04,  0x9b, 0x04,  0x9b, 0x04,  0x9b, 0x04,
  0x9b, 0x04,  0x9b, 0x04,  0x9b, 0x04,  0x9b, 0x04,  0x9b, 0x04,  0x9b, 0x04,  0x9b, 0x04,  0x9b, 0x04,  0x9b, 0x04,  0x9b, 0x04,  0x9b, 0x04,  0x9b, 0x04,
  0x9b, 0x04,  0x9b, 0x04,  0x9b, 0x04,  0x9b, 0x04,  0x9b, 0x04,  0x9b, 0x04,  0x9b, 0x04,  0x9b, 0x04,  0x9b, 0x04,  0x9b, 0x04,  0x9b, 0x04,  0x9a, 0x04,
  0x9b, 0x04,  0xbc, 0x04,  0x9b, 0x04,  0x16, 0x14,  0x38, 0x5d,  0xff, 0xd7,  0x3d, 0xcf,  0x32, 0x2b,  0x51, 0x02,  0x70, 0x1a,  0xb2, 0x53,  0xb9, 0x7d,
  0xfa, 0x85,  0xf6, 0x7c,  0xf9, 0x9d,  0x7b, 0xae,  0xd6, 0x74,  0x6e, 0x1a,  0xf0, 0x22,  0x70, 0x1a,  0x51, 0x0a,  0x91, 0x0a,  0xef, 0x01,  0x38, 0x85,
  0xff, 0xef,  0xce, 0x32,  0xba, 0x9d,  0xff, 0xff,  0xde, 0xf7,  0xfe, 0xf7,  0xff, 0xff,  0xff, 0xff,  0xff, 0xff,  0xff, 0xff,  0xff, 0xff,  0xff, 0xff,
  0xdf, 0xff,  0xff, 0xff,  0xff, 0xff,  0xfe, 0xff,  0xff, 0xff,  0xff, 0xf7,  0xff, 0xf7,  0x95, 0x74,  0xd3, 0x5b,  0xff, 0xef,  0xd2, 0x4b,  0xef, 0x01,
  0xb1, 0x3b,  0xbe, 0xd7,  0x75, 0x64,  0xb3, 0x4b,  0x13, 0x54,  0xb3, 0x4b,  0x93, 0x43,  0x54, 0x2b,  0x93, 0x0a,  0x52, 0x02,  0x52, 0x02,  0x72, 0x02,
  0x71, 0x0a,  0x0d, 0x0a,  0x79, 0x85,  0xff, 0xe7,  0x5b, 0x86,  0x18, 0x1c,  0x7c, 0x0c,  0x9c, 0x04,  0x9a, 0x04,  0xba, 0x04,  0xba, 0x04,  0x9b, 0x04,
  0x9b, 0x04,  0x9b, 0x04,  0x9b, 0x04,  0x9b, 0x04,  0x9b, 0x04,  0x9b, 0x04,  0x9b, 0x04,  0x9b, 0x04,  0x9b, 0x04,  0x9b, 0x04,  0x9b, 0x04,  0x9b, 0x04,
  0x9b, 0x04,  0x9b, 0x04,  0x9b, 0x04,  0x9b, 0x04,  0x9b, 0x04,  0x9b, 0x04,  0x9b, 0x04,  0x9b, 0x04,  0x9b, 0x04,  0x9b, 0x04,  0x9b, 0x04,  0x9b, 0x04,
  0x9b, 0x04,  0x9b, 0x04,  0x9b, 0x04,  0x9b, 0x04,  0x9b, 0x04,  0x9b, 0x04,  0x9b, 0x04,  0x9b, 0x04,  0x9b, 0x04,  0x9b, 0x04,  0x9b, 0x04,  0x9b, 0x04,
  0x9b, 0x04,  0x9b, 0x04,  0x9b, 0x04,  0x9b, 0x04,  0x9b, 0x04,  0x9b, 0x04,  0x9b, 0x04,  0x9b, 0x04,  0x9b, 0x04,  0x9b, 0x04,  0x9b, 0x04,  0x9a, 0x04,
  0x9a, 0x04,  0x9b, 0x04,  0x9c, 0x0c,  0x7a, 0x0c,  0x36, 0x04,  0x99, 0x55,  0xff, 0xdf,  0x3e, 0xaf,  0x4e, 0x12,  0x95, 0x6c,  0xdf, 0xe7,  0x17, 0x6d,
  0x90, 0x0a,  0x10, 0x02,  0x0e, 0x02,  0x31, 0x33,  0xdb, 0x8d,  0xfb, 0x95,  0xfe, 0xb6,  0x3a, 0x7d,  0xcf, 0x01,  0x70, 0x0a,  0x51, 0x02,  0x50, 0x1a,
  0x7e, 0xd7,  0xd9, 0x9d,  0xcf, 0x42,  0xbf, 0xe7,  0xff, 0xf7,  0xde, 0xf7,  0xdf, 0xff,  0xdf, 0xff,  0xfe, 0xff,  0xff, 0xff,  0xff, 0xff,  0xff, 0xff,
  0xdf, 0xff,  0xff, 0xff,  0xff, 0xff,  0xfe, 0xff,  0xff, 0xf7,  0xff, 0xff,  0x1c, 0xcf,  0xcc, 0x32,  0xfd, 0xce,  0x5c, 0xa6,  0x4e, 0x02,  0x30, 0x0a,
  0xee, 0x19,  0xfd, 0xc6,  0x18, 0x85,  0xb6, 0x74,  0x3d, 0xc7,  0x3a, 0xae,  0xbd, 0xc6,  0xf8, 0x7c,  0x11, 0x0a,  0x73, 0x0a,  0x52, 0x02,  0x72, 0x0a,
  0x0f, 0x02,  0xb6, 0x64,  0xff, 0xf7,  0xbc, 0xa6,  0x58, 0x1c,  0x98, 0x0c,  0xba, 0x04,  0x9b, 0x04,  0x7b, 0x04,  0x9b, 0x04,  0x9b, 0x04,  0x9b, 0x04,
  0x9b, 0x04,  0x9b, 0x04,  0x9b, 0x04,  0x9b, 0x04,  0x9b, 0x04,  0x9b, 0x04,  0x9b, 0x04,  0x9b, 0x04,  0x9b, 0x04,  0x9b, 0x04,  0x9b, 0x04,  0x9b, 0x04,
  0x9b, 0x04,  0x9b, 0x04,  0x9b, 0x04,  0x9b, 0x04,  0x9b, 0x04,  0x9b, 0x04,  0x9b, 0x04,  0x9b, 0x04,  0x9b, 0x04,  0x9b, 0x04,  0x9b, 0x04,  0x9b, 0x04,
  0x9b, 0x04,  0x9b, 0x04,  0x9b, 0x04,  0x9b, 0x04,  0x9b, 0x04,  0x9b, 0x04,  0x9b, 0x04,  0x9b, 0x04,  0x9b, 0x04,  0x9b, 0x04,  0x9b, 0x04,  0x9b, 0x04,
  0x9b, 0x04,  0x9b, 0x04,  0x9b, 0x04,  0x9b, 0x04,  0x9b, 0x04,  0x9b, 0x04,  0x9b, 0x04,  0x9b, 0x04,  0x9b, 0x04,  0x9b, 0x04,  0x9b, 0x04,  0x9b, 0x04,
  0x9b, 0x04,  0x9b, 0x04,  0x9b, 0x04,  0x9b, 0x04,  0xbb, 0x04,  0x37, 0x0c,  0xba, 0x6d,  0xff, 0xe7,  0x19, 0xae,  0x10, 0x43,  0x73, 0x33,  0xee, 0x01,
  0x51, 0x0a,  0x32, 0x02,  0x2f, 0x02,  0xd1, 0x22,  0x53, 0x3b,  0xd1, 0x32,  0xf1, 0x32,  0x93, 0x4b,  0x78, 0x64,  0xb7, 0x3b,  0x51, 0x02,  0x0f, 0x02,
  0x76, 0x5c,  0xff, 0xef,  0x30, 0x53,  0x38, 0x8d,  0xff, 0xf7,  0xde, 0xf7,  0xdf, 0xff,  0xdf, 0xff,  0xfe, 0xff,  0xfe, 0xff,  0xff, 0xff,  0xff, 0xff,
  0xdf, 0xff,  0xdf, 0xff,  0xfe, 0xff,  0xfe, 0xf7,  0xde, 0xff,  0xff, 0xff,  0x53, 0x6c,  0x32, 0x6c,  0xff, 0xe7,  0x92, 0x3b,  0x31, 0x02,  0x12, 0x0a,
  0xd2, 0x3a,  0x7f, 0xd7,  0x75, 0x7c,  0x8f, 0x32,  0x5e, 0xc7,  0x1c, 0xcf,  0x7e, 0xe7,  0x1a, 0xa6,  0x11, 0x33,  0x90, 0x1a,  0x31, 0x0a,  0x31, 0x02,
  0xb4, 0x43,  0xdf, 0xef,  0x1d, 0xbf,  0x77, 0x2c,  0x7b, 0x04,  0xba, 0x04,  0x99, 0x04,  0x9b, 0x04,  0x9b, 0x04,  0x7b, 0x04,  0x7b, 0x04,  0x9b, 0x04,
  0x9b, 0x04,  0x9b, 0x04,  0x9b, 0x04,  0x9b, 0x04,  0x9b, 0x04,  0x9b, 0x04,  0x9b, 0x04,  0x7a, 0x04,  0x9a, 0x0c,  0x59, 0x04,  0x9a, 0x04,  0xbb, 0x04,
  0x9b, 0x04,  0x9b, 0x04,  0x9b, 0x04,  0x9b, 0x04,  0x9b, 0x04,  0x9b, 0x04,  0x9b, 0x04,  0x9b, 0x04,  0x9b, 0x04,  0x9b, 0x04,  0x9b, 0x04,  0x9b, 0x04,
  0x9b, 0x04,  0x9b, 0x04,  0x9b, 0x04,  0x9b, 0x04,  0x9b, 0x04,  0x9b, 0x04,  0x9b, 0x04,  0x9b, 0x04,  0x9b, 0x04,  0x9a, 0x04,  0x7a, 0x04,  0x7a, 0x04,
  0x7a, 0x04,  0x7b, 0x04,  0x9b, 0x04,  0x9b, 0x04,  0x9a, 0x04,  0x9a, 0x04,  0x9a, 0x04,  0x9a, 0x04,  0x9b, 0x04,  0x9a, 0x04,  0x9b, 0x04,  0x7c, 0x04,
  0x9b, 0x04,  0x9b, 0x04,  0xbb, 0x04,  0xbb, 0x04,  0x9b, 0x04,  0x9a, 0x04,  0x17, 0x14,  0x3c, 0x8e,  0xff, 0xff,  0xf6, 0x84,  0xce, 0x01,  0x92, 0x0a,
  0xdb, 0x85,  0x76, 0x5c,  0x6f, 0x2a,  0xdb, 0x9d,  0xf7, 0x7c,  0x70, 0x22,  0xb7, 0x6c,  0xaf, 0x2a,  0x98, 0x64,  0x13, 0x2b,  0x30, 0x02,  0x71, 0x02,
  0x50, 0x12,  0xfd, 0xc6,  0x5b, 0xb6,  0xcf, 0x32,  0x9f, 0xdf,  0xfe, 0xff,  0xbf, 0xff,  0xdf, 0xf7,  0xfe, 0xff,  0xfe, 0xff,  0xff, 0xff,  0xff, 0xff,
  0xfe, 0xff,  0xdf, 0xff,  0xfe, 0xff,  0xfe, 0xf7,  0xdf, 0xff,  0x1d, 0xcf,  0xae, 0x2a,  0xfd, 0xce,  0x3a, 0x9e,  0x4d, 0x02,  0x53, 0x02,  0xf3, 0x09,
  0xf2, 0x2a,  0x5e, 0xc7,  0xfd, 0xce,  0x8d, 0x2a,  0x54, 0x5c,  0xdc, 0xbe,  0x7b, 0xbe,  0x75, 0x74,  0x5b, 0x9e,  0x1d, 0xc7,  0x94, 0x43,  0x6f, 0x1a,
  0x1d, 0xc7,  0xbf, 0xdf,  0xb8, 0x44,  0x59, 0x04,  0x9b, 0x04,  0x9b, 0x04,  0x9b, 0x04,  0x9b, 0x04,  0x9b, 0x04,  0x9b, 0x04,  0x9b, 0x04,  0x9b, 0x04,
  0x9b, 0x04,  0x9b, 0x04,  0x9b, 0x04,  0x9b, 0x04,  0x9b, 0x04,  0xbb, 0x04,  0x9b, 0x04,  0x39, 0x04,  0x1a, 0x35,  0x5d, 0x6e,  0x57, 0x1c,  0x78, 0x0c,
  0xbb, 0x04,  0x9b, 0x04,  0x9b, 0x0c,  0x7b, 0x04,  0x9b, 0x04,  0x9b, 0x04,  0x9b, 0x04,  0x9b, 0x04,  0x9b, 0x04,  0x9b, 0x04,  0x9b, 0x04,  0x9b, 0x04,
  0x9b, 0x04,  0x9b, 0x04,  0x9b, 0x04,  0x9b, 0x04,  0x9b, 0x04,  0x9b, 0x04,  0x9b, 0x04,  0x9b, 0x04,  0x9b, 0x04,  0x9b, 0x04,  0x9b, 0x04,  0x9b, 0x04,
  0x9b, 0x04,  0x9b, 0x04,  0x9b, 0x04,  0x9b, 0x04,  0x9b, 0x04,  0x9b, 0x04,  0x9b, 0x04,  0x9b, 0x04,  0x9b, 0x04,  0x9b, 0x04,  0x9b, 0x04,  0x9b, 0x04,
  0x9b, 0x04,  0x9b, 0x04,  0x9b, 0x04,  0x9b, 0x04,  0x9b, 0x04,  0x9b, 0x04,  0x7a, 0x0c,  0x37, 0x24,  0xdd, 0xae,  0xff, 0xef,  0x14, 0x4c,  0x0e, 0x02,
  0x35, 0x44,  0x99, 0x85,  0x7a, 0x95,  0x3e, 0xd7,  0xff, 0xf7,  0x5b, 0xa6,  0x32, 0x3b,  0xd5, 0x4b,  0xd5, 0x4b,  0xd4, 0x3b,  0x91, 0x0a,  0x73, 0x02,
  0xef, 0x01,  0x34, 0x64,  0xff, 0xef,  0x72, 0x4b,  0x78, 0x8d,  0xff, 0xff,  0xbe, 0xff,  0xff, 0xf7,  0xfe, 0xff,  0xfe, 0xff,  0xff, 0xff,  0xff, 0xff,
  0xdf, 0xff,  0xff, 0xf7,  0xff, 0xff,  0xbe, 0xff,  0xff, 0xff,  0x94, 0x74,  0xf2, 0x63,  0xff, 0xef,  0x92, 0x43,  0x30, 0x02,  0x73, 0x02,  0x52, 0x0a,
  0x0f, 0x02,  0xb3, 0x43,  0xbf, 0xe7,  0x5d, 0xc7,  0xce, 0x2a,  0xce, 0x32,  0xdd, 0xbe,  0xf1, 0x3a,  0xd0, 0x32,  0xff, 0xe7,  0xd2, 0x53,  0x55, 0x8d,
  0xff, 0xef,  0xbb, 0x5d,  0x59, 0x0c,  0xba, 0x0c,  0x9b, 0x04,  0x9b, 0x04,  0x9b, 0x04,  0x9b, 0x04,  0x9b, 0x04,  0x9b, 0x04,  0x9b, 0x04,  0x9b, 0x04,
  0x9b, 0x04,  0x9b, 0x04,  0x9b, 0x04,  0x9b, 0x04,  0x9b, 0x04,  0x9b, 0x04,  0xbb, 0x04,  0x38, 0x0c,  0x79, 0x5d,  0xff, 0xdf,  0xdc, 0xa6,  0x96, 0x34,
  0x79, 0x04,  0xbb, 0x04,  0x9b, 0x04,  0x7b, 0x04,  0x7b, 0x04,  0x9b, 0x04,  0x9b, 0x04,  0x9b, 0x04,  0x9b, 0x04,  0x9b, 0x04,  0x9b, 0x04,  0x9b, 0x04,
  0x9b, 0x04,  0x9b, 0x04,  0x9b, 0x04,  0x9b, 0x04,  0x9b, 0x04,  0x9b, 0x04,  0x9b, 0x04,  0x9b, 0x04,  0x9b, 0x04,  0xbc, 0x04,  0xbb, 0x04,  0x9b, 0x04,
  0x9b, 0x04,  0x9a, 0x04,  0x9a, 0x04,  0x9a, 0x04,  0x9b, 0x04,  0x9c, 0x04,  0x9b, 0x04,  0x9b, 0x04,  0x9b, 0x04,  0x9b, 0x04,  0x9b, 0x04,  0x9b, 0x04,
  0x9b, 0x04,  0x9b, 0x04,  0x9b, 0x04,  0x9b, 0x04,  0x7b, 0x04,  0x9b, 0x04,  0xbb, 0x04,  0x38, 0x14,  0xb7, 0x34,  0xdf, 0xbf,  0x3d, 0xbf,  0xcf, 0x2a,
  0xad, 0x01,  0xf5, 0x4b,  0xba, 0x95,  0xd2, 0x53,  0x13, 0x54,  0x59, 0x75,  0x71, 0x12,  0x31, 0x0a,  0x37, 0x4c,  0xb6, 0x3b,  0x31, 0x0a,  0x74, 0x0a,
  0x51, 0x0a,  0x4e, 0x12,  0x1d, 0xc7,  0xfa, 0xa5,  0xef, 0x42,  0xbf, 0xef,  0xff, 0xff,  0xff, 0xf7,  0xff, 0xff,  0xdf, 0xff,  0xff, 0xff,  0xff, 0xff,
  0xbf, 0xff,  0xfe, 0xf7,  0xdf, 0xf7,  0xdf, 0xff,  0x7d, 0xdf,  0xcd, 0x32,  0x9c, 0xbe,  0x7b, 0xae,  0x2f, 0x12,  0x53, 0x02,  0x73, 0x02,  0x71, 0x02,
  0x51, 0x0a,  0xef, 0x01,  0x72, 0x43,  0xfb, 0x8d,  0x11, 0x23,  0xb0, 0x1a,  0xbb, 0x85,  0x34, 0x2b,  0x17, 0x54,  0xb6, 0x74,  0x90, 0x53,  0xff, 0xf7,
  0xbb, 0xa6,  0x58, 0x14,  0x9b, 0x04,  0x9a, 0x04,  0x9b, 0x04,  0xbb, 0x04,  0x9b, 0x04,  0x9b, 0x04,  0x9b, 0x04,  0x9b, 0x04,  0x9b, 0x04,  0x9b, 0x04,
  0x9b, 0x04,  0x9b, 0x04,  0x9b, 0x04,  0x9b, 0x04,  0x9b, 0x04,  0xbb, 0x04,  0x9a, 0x04,  0x37, 0x14,  0x7c, 0x96,  0xfe, 0xf7,  0xfe, 0xf7,  0x3e, 0xaf,
  0xb8, 0x24,  0x99, 0x04,  0x9b, 0x04,  0x7c, 0x04,  0x7b, 0x04,  0x9a, 0x04,  0xbb, 0x04,  0x9b, 0x04,  0x9b, 0x04,  0x9b, 0x04,  0x9b, 0x04,  0x9b, 0x04,
  0x9b, 0x04,  0x9b, 0x04,  0x9b, 0x04,  0x9b, 0x04,  0x9b, 0x04,  0x9b, 0x04,  0x9b, 0x04,  0x9b, 0x04,  0x9b, 0x04,  0x9a, 0x04,  0x79, 0x04,  0x9a, 0x04,
  0x9a, 0x04,  0x9a, 0x04,  0x9a, 0x04,  0x9a, 0x04,  0x9b, 0x04,  0x9b, 0x04,  0x9b, 0x04,  0x7a, 0x0c,  0x7a, 0x0c,  0x7a, 0x0c,  0x7b, 0x04,  0x7b, 0x04,
  0x9b, 0x04,  0x7b, 0x04,  0x9b, 0x04,  0x9b, 0x04,  0x7b, 0x04,  0x9b, 0x04,  0xbb, 0x04,  0x9a, 0x0c,  0x39, 0x04,  0xbb, 0x5d,  0xff, 0xef,  0x98, 0x9d,
  0xad, 0x01,  0x59, 0x75,  0x57, 0x7d,  0x2d, 0x01,  0xf0, 0x09,  0x0f, 0x02,  0x50, 0x02,  0x51, 0x02,  0x10, 0x02,  0xf0, 0x01,  0x32, 0x0a,  0x33, 0x02,
  0x72, 0x02,  0x0f, 0x02,  0xb5, 0x6c,  0xdf, 0xef,  0xf0, 0x4a,  0xd9, 0xa5,  0xff, 0xf7,  0xfe, 0xf7,  0xdf, 0xff,  0xdf, 0xff,  0xff, 0xff,  0xff, 0xff,
  0xbf, 0xff,  0xfe, 0xf7,  0xdf, 0xf7,  0xff, 0xff,  0xb7, 0x95,  0x4f, 0x43,  0xff, 0xef,  0x13, 0x54,  0xef, 0x01,  0x74, 0x02,  0x73, 0x02,  0x71, 0x02,
  0x72, 0x02,  0x73, 0x02,  0x11, 0x02,  0xf1, 0x01,  0x32, 0x02,  0x52, 0x02,  0x10, 0x02,  0x31, 0x02,  0xd3, 0x1a,  0x2f, 0x1a,  0xdc, 0xbe,  0xdf, 0xd7,
  0xb7, 0x44,  0x59, 0x04,  0x9b, 0x04,  0x7b, 0x04,  0x9b, 0x04,  0x9b, 0x04,  0x9b, 0x04,  0x9b, 0x04,  0x9b, 0x04,  0x9b, 0x04,  0x9b, 0x04,  0x9b, 0x04,
  0x9b, 0x04,  0x9b, 0x04,  0x9b, 0x04,  0x9b, 0x04,  0x9b, 0x04,  0xbb, 0x04,  0x79, 0x0c,  0xb8, 0x34,  0xbf, 0xd7,  0xfd, 0xff,  0xdd, 0xf7,  0xff, 0xe7,
  0xbd, 0x86,  0x57, 0x14,  0x7b, 0x0c,  0x9c, 0x04,  0x7b, 0x04,  0x9a, 0x04,  0x9b, 0x04,  0x9b, 0x04,  0x9b, 0x04,  0x9b, 0x04,  0x9b, 0x04,  0x9b, 0x04,
  0x9b, 0x04,  0x9b, 0x04,  0x9b, 0x04,  0x9b, 0x04,  0x9b, 0x04,  0x9b, 0x04,  0x9b, 0x04,  0x9b, 0x04,  0x9b, 0x04,  0x9b, 0x04,  0x9b, 0x04,  0xbb, 0x04,
  0x9b, 0x04,  0x9b, 0x04,  0x7b, 0x04,  0x5a, 0x04,  0x7a, 0x04,  0x5a, 0x04,  0x5a, 0x04,  0x7a, 0x04,  0x7a, 0x04,  0xbc, 0x04,  0xbc, 0x04,  0x7a, 0x04,
  0x7a, 0x04,  0x7b, 0x04,  0x9b, 0x04,  0x9b, 0x04,  0x7b, 0x04,  0x7b, 0x04,  0x7b, 0x04,  0x7b, 0x04,  0x9c, 0x04,  0x37, 0x1c,  0xdc, 0xae,  0xdf, 0xef,
  0x53, 0x4b,  0x0e, 0x12,  0x5b, 0x9e,  0xd5, 0x4b,  0x72, 0x12,  0x92, 0x0a,  0x52, 0x02,  0x72, 0x02,  0x72, 0x02,  0x52, 0x0a,  0x33, 0x0a,  0x53, 0x02,
  0x72, 0x02,  0x51, 0x02,  0xb0, 0x22,  0x7e, 0xd7,  0x17, 0x8d,  0xb2, 0x5b,  0xff, 0xf7,  0xfe, 0xff,  0xdf, 0xff,  0xdf, 0xff,  0xff, 0xff,  0xff, 0xff,
  0xdf, 0xff,  0xdf, 0xff,  0xff, 0xff,  0xff, 0xef,  0x70, 0x4b,  0x98, 0x95,  0x5e, 0xcf,  0x70, 0x1a,  0x71, 0x0a,  0x73, 0x02,  0x72, 0x02,  0x52, 0x02,
  0x72, 0x02,  0x73, 0x02,  0x73, 0x02,  0x73, 0x02,  0x53, 0x02,  0x73, 0x02,  0x92, 0x02,  0x92, 0x0a,  0xcf, 0x01,  0x97, 0x6c,  0xff, 0xef,  0xdb, 0x75,
  0x19, 0x0c,  0x9a, 0x0c,  0x7a, 0x04,  0x7b, 0x04,  0x9b, 0x04,  0x9b, 0x04,  0x9b, 0x04,  0x9b, 0x04,  0x9b, 0x04,  0x9b, 0x04,  0x9b, 0x04,  0x9b, 0x04,
  0x9b, 0x04,  0x9b, 0x04,  0x9b, 0x04,  0x9b, 0x04,  0x9b, 0x04,  0x9b, 0x04,  0xf6, 0x13,  0x5c, 0x96,  0xff, 0xf7,  0xde, 0xff,  0xfe, 0xf7,  0xff, 0xef,
  0xff, 0xdf,  0x18, 0x55,  0x59, 0x0c,  0x9c, 0x04,  0x9b, 0x04,  0x7a, 0x04,  0x9b, 0x04,  0x9b, 0x04,  0x9b, 0x04,  0x9b, 0x04,  0x9b, 0x04,  0x9b, 0x04,
  0x9b, 0x04,  0x9b, 0x04,  0x9b, 0x04,  0x9b, 0x04,  0x9b, 0x04,  0x9b, 0x04,  0x9a, 0x04,  0x9a, 0x04,  0x9b, 0x04,  0x9c, 0x04,  0x9b, 0x04,  0x39, 0x04,
  0x59, 0x14,  0x79, 0x24,  0xda, 0x34,  0x3b, 0x4d,  0x9b, 0x55,  0x7b, 0x4d,  0x3a, 0x45,  0xf9, 0x34,  0x79, 0x1c,  0x39, 0x0c,  0x5a, 0x04,  0x7b, 0x0c,
  0x9b, 0x0c,  0x7a, 0x04,  0x9b, 0x04,  0x9b, 0x04,  0x9b, 0x04,  0x7b, 0x04,  0x9b, 0x04,  0x9c, 0x04,  0x7c, 0x04,  0x38, 0x14,  0xd8, 0x44,  0xff, 0xdf,
  0x5c, 0xae,  0x8d, 0x09,  0x95, 0x6c,  0x9f, 0xc7,  0x32, 0x23,  0x73, 0x02,  0x74, 0x02,  0x73, 0x02,  0x72, 0x02,  0x52, 0x02,  0x52, 0x02,  0x72, 0x02,
  0x72, 0x02,  0x73, 0x0a,  0xf0, 0x01,  0x99, 0x8d,  0x5e, 0xcf,  0xae, 0x32,  0x1d, 0xcf,  0xff, 0xff,  0xdf, 0xff,  0xff, 0xff,  0xff, 0xff,  0xff, 0xff,
  0xff, 0xf7,  0x9f, 0xff,  0xff, 0xff,  0x1c, 0xbf,  0xae, 0x3a,  0x9f, 0xdf,  0x58, 0x85,  0xcf, 0x01,  0x71, 0x02,  0x72, 0x02,  0x52, 0x02,  0x53, 0x02,
  0x52, 0x02,  0x72, 0x02,  0x72, 0x02,  0x51, 0x02,  0x52, 0x02,  0x72, 0x02,  0x52, 0x02,  0x31, 0x02,  0x70, 0x22,  0x5e, 0xd7,  0x7e, 0xc7,  0x58, 0x2c,
  0x5c, 0x04,  0xba, 0x04,  0x9a, 0x04,  0x9b, 0x04,  0x9b, 0x04,  0x9b, 0x04,  0x9b, 0x04,  0x9b, 0x04,  0x9b, 0x04,  0x9b, 0x04,  0x9b, 0x04,  0x9b, 0x04,
  0x9b, 0x04,  0x9b, 0x04,  0x9b, 0x04,  0x9b, 0x04,  0xbb, 0x04,  0x58, 0x04,  0x18, 0x4d,  0xdf, 0xdf,  0xff, 0xff,  0xdf, 0xf7,  0xff, 0xf7,  0xde, 0xff,
  0xff, 0xff,  0x9c, 0xa6,  0x38, 0x14,  0xbc, 0x04,  0xbb, 0x04,  0x9a, 0x04,  0x7b, 0x04,  0x9b, 0x04,  0x9b, 0x04,  0x9b, 0x04,  0x9b, 0x04,  0x9b, 0x04,
  0x9b, 0x04,  0x9b, 0x04,  0x9a, 0x04,  0x9a, 0x04,  0x9b, 0x04,  0x9b, 0x04,  0x9b, 0x04,  0x9a, 0x04,  0x59, 0x04,  0x17, 0x0c,  0x98, 0x2c,  0x9b, 0x5d,
  0x9d, 0x96,  0x3e, 0xc7,  0xbf, 0xe7,  0xff, 0xef,  0xff, 0xef,  0xff, 0xef,  0xff, 0xe7,  0xdf, 0xd7,  0x3e, 0xb7,  0x3c, 0x8e,  0x1a, 0x55,  0x39, 0x14,
  0x39, 0x04,  0x9b, 0x0c,  0x9b, 0x04,  0x7b, 0x04,  0x9b, 0x04,  0x9b, 0x04,  0xbb, 0x04,  0xbd, 0x04,  0x7b, 0x04,  0x7a, 0x0c,  0x38, 0x0c,  0x5c, 0x86,
  0xff, 0xe7,  0xd2, 0x53,  0x6e, 0x22,  0xf3, 0x4b,  0x30, 0x02,  0x54, 0x02,  0x72, 0x02,  0x71, 0x02,  0x72, 0x02,  0x52, 0x02,  0x72, 0x02,  0x71, 0x02,
  0x72, 0x02,  0x53, 0x0a,  0xf2, 0x01,  0x93, 0x3b,  0xff, 0xe7,  0xb2, 0x53,  0xf6, 0x8c,  0xff, 0xff,  0xde, 0xff,  0xff, 0xff,  0xff, 0xff,  0xff, 0xff,
  0xfe, 0xf7,  0xbf, 0xff,  0xff, 0xff,  0x16, 0x7d,  0xd2, 0x63,  0xff, 0xef,  0x93, 0x33,  0x11, 0x02,  0x72, 0x02,  0x52, 0x02,  0x52, 0x02,  0x52, 0x02,
  0x52, 0x02,  0x72, 0x02,  0x72, 0x02,  0x53, 0x02,  0x51, 0x02,  0x72, 0x02,  0x55, 0x02,  0xd0, 0x01,  0x96, 0x74,  0xff, 0xef,  0xfa, 0x5d,  0x38, 0x0c,
  0x7b, 0x0c,  0x9b, 0x04,  0x9b, 0x04,  0x9b, 0x04,  0x9b, 0x04,  0x9b, 0x04,  0x9b, 0x04,  0x9b, 0x04,  0x9b, 0x04,  0x9b, 0x04,  0x9a, 0x04,  0x9a, 0x04,
  0x7b, 0x04,  0x7b, 0x04,  0x9b, 0x04,  0xba, 0x0c,  0x79, 0x0c,  0x56, 0x2c,  0x3d, 0xb7,  0xff, 0xf7,  0xdf, 0xff,  0xfe, 0xf7,  0xfe, 0xf7,  0xde, 0xff,
  0xff, 0xff,  0x7f, 0xcf,  0x78, 0x2c,  0x9a, 0x04,  0x9b, 0x04,  0x9a, 0x04,  0x9b, 0x04,  0x7a, 0x0c,  0x9a, 0x04,  0xbb, 0x04,  0xbb, 0x04,  0x7b, 0x04,
  0x7b, 0x04,  0xbb, 0x04,  0x9b, 0x04,  0x7b, 0x04,  0x9c, 0x04,  0xbc, 0x04,  0x79, 0x04,  0x37, 0x14,  0xb7, 0x3c,  0x3a, 0x96,  0x7e, 0xcf,  0xff, 0xef,
  0xff, 0xff,  0xff, 0xff,  0xff, 0xff,  0xff, 0xff,  0xdf, 0xff,  0xdf, 0xff,  0xff, 0xff,  0xff, 0xff,  0xff, 0xff,  0xff, 0xff,  0xdf, 0xef,  0xde, 0xb6,
  0x38, 0x4d,  0x77, 0x04,  0x9b, 0x04,  0x5c, 0x04,  0x9b, 0x04,  0xba, 0x04,  0x9a, 0x04,  0xba, 0x04,  0xbb, 0x04,  0xbc, 0x04,  0x3a, 0x0c,  0xb8, 0x3c,
  0xff, 0xd7,  0x9b, 0xb6,  0xee, 0x11,  0x31, 0x02,  0x73, 0x02,  0x32, 0x12,  0x52, 0x02,  0x92, 0x02,  0x72, 0x02,  0x72, 0x02,  0x52, 0x02,  0x52, 0x02,
  0x52, 0x02,  0x52, 0x02,  0x52, 0x02,  0x6f, 0x0a,  0x1e, 0xc7,  0x98, 0xa5,  0x4f, 0x4b,  0xff, 0xf7,  0xdf, 0xff,  0xff, 0xff,  0xff, 0xff,  0xff, 0xff,
  0xde, 0xf7,  0xbf, 0xff,  0xff, 0xef,  0x50, 0x4b,  0xd9, 0x9d,  0x3e, 0xc7,  0x2f, 0x0a,  0x52, 0x02,  0x52, 0x02,  0x52, 0x02,  0x52, 0x02,  0x52, 0x02,
  0x52, 0x02,  0x72, 0x02,  0x53, 0x02,  0x53, 0x02,  0x52, 0x02,  0x92, 0x02,  0x33, 0x02,  0x50, 0x1a,  0x1d, 0xc7,  0x9f, 0xc7,  0x96, 0x24,  0x9a, 0x0c,
  0x7b, 0x0c,  0x9b, 0x04,  0x9b, 0x04,  0x9b, 0x04,  0x9b, 0x04,  0x9b, 0x04,  0x9b, 0x04,  0x9b, 0x04,  0x9b, 0x04,  0x9b, 0x04,  0x9b, 0x04,  0x9b, 0x04,
  0x7b, 0x04,  0x7b, 0x04,  0x9c, 0x04,  0x9a, 0x0c,  0x37, 0x14,  0x3b, 0x86,  0xff, 0xe7,  0xdf, 0xf7,  0xde, 0xff,  0xfe, 0xf7,  0xfe, 0xf7,  0xdf, 0xff,
  0xdf, 0xff,  0xdf, 0xdf,  0xd8, 0x3c,  0x59, 0x04,  0x9b, 0x04,  0x9a, 0x04,  0x9b, 0x04,  0x7b, 0x04,  0x9b, 0x04,  0xbb, 0x04,  0x9b, 0x04,  0x7b, 0x0c,
  0x7b, 0x0c,  0x9b, 0x04,  0x9c, 0x04,  0x9c, 0x04,  0x7a, 0x0c,  0x18, 0x14,  0xb7, 0x3c,  0x7c, 0x8e,  0xdf, 0xd7,  0xff, 0xef,  0xff, 0xf7,  0xdf, 0xf7,
  0xdf, 0xff,  0xdf, 0xff,  0xff, 0xff,  0xff, 0xff,  0xff, 0xff,  0xff, 0xff,  0xff, 0xff,  0xff, 0xff,  0xff, 0xff,  0xdf, 0xff,  0xff, 0xf7,  0xff, 0xef,
  0xff, 0xdf,  0x3b, 0x86,  0x57, 0x1c,  0x79, 0x04,  0x9c, 0x0c,  0x7b, 0x04,  0x9a, 0x04,  0x9a, 0x04,  0xbb, 0x04,  0x9c, 0x04,  0x7b, 0x0c,  0x17, 0x1c,
  0x7c, 0x8e,  0xff, 0xef,  0x93, 0x4b,  0x31, 0x02,  0x93, 0x02,  0x32, 0x0a,  0x52, 0x0a,  0x73, 0x02,  0x72, 0x02,  0x72, 0x02,  0x52, 0x02,  0x52, 0x02,
  0x52, 0x02,  0x72, 0x02,  0x72, 0x02,  0x0e, 0x02,  0x38, 0x85,  0x5f, 0xdf,  0xad, 0x3a,  0xfd, 0xce,  0xff, 0xff,  0xdf, 0xff,  0xff, 0xff,  0xff, 0xff,
  0xdf, 0xf7,  0xff, 0xff,  0x1d, 0xcf,  0xcf, 0x42,  0x7f, 0xd7,  0x78, 0x85,  0xef, 0x01,  0x73, 0x02,  0x52, 0x02,  0x52, 0x02,  0x52, 0x02,  0x52, 0x02,
  0x52, 0x02,  0x52, 0x02,  0x52, 0x02,  0x53, 0x02,  0x73, 0x02,  0x73, 0x02,  0xf0, 0x01,  0x34, 0x5c,  0xff, 0xef,  0xfa, 0x75,  0x36, 0x0c,  0x9b, 0x0c,
  0x7b, 0x0c,  0x9b, 0x04,  0x9b, 0x04,  0x9b, 0x04,  0x9b, 0x04,  0x9b, 0x04,  0x9b, 0x04,  0x9b, 0x04,  0x9b, 0x04,  0x9b, 0x04,  0x9b, 0x04,  0x9b, 0x04,
  0x7a, 0x0c,  0x9b, 0x04,  0xdc, 0x04,  0x38, 0x04,  0x39, 0x5d,  0xff, 0xe7,  0xdf, 0xf7,  0xdf, 0xff,  0xfe, 0xff,  0xfe, 0xf7,  0xff, 0xff,  0xdf, 0xff,
  0xde, 0xff,  0xdf, 0xdf,  0xf8, 0x3c,  0x59, 0x04,  0x9b, 0x04,  0x7a, 0x04,  0x9b, 0x04,  0x9c, 0x04,  0x7c, 0x04,  0x9b, 0x04,  0x7a, 0x04,  0x7a, 0x0c,
  0x7b, 0x0c,  0x7b, 0x04,  0x9c, 0x04,  0x39, 0x0c,  0x57, 0x2c,  0xfa, 0x7d,  0xbf, 0xcf,  0xff, 0xf7,  0xde, 0xff,  0xdf, 0xf7,  0xdf, 0xf7,  0xde, 0xff,
  0xde, 0xff,  0xff, 0xff,  0xff, 0xff,  0xff, 0xff,  0xff, 0xff,  0xff, 0xff,  0xff, 0xff,  0xff, 0xff,  0xff, 0xff,  0xff, 0xff,  0xff, 0xf7,  0xfd, 0xef,
  0xbe, 0xff,  0xdf, 0xff,  0xdd, 0x9e,  0x96, 0x14,  0x7a, 0x04,  0x5c, 0x04,  0x9b, 0x04,  0x7a, 0x04,  0x9a, 0x04,  0x9b, 0x04,  0x7b, 0x04,  0x59, 0x0c,
  0xd8, 0x44,  0xff, 0xe7,  0xda, 0x9d,  0x0e, 0x02,  0x91, 0x02,  0x52, 0x0a,  0x52, 0x02,  0x72, 0x02,  0x72, 0x02,  0x72, 0x02,  0x52, 0x02,  0x52, 0x02,
  0x52, 0x02,  0x52, 0x02,  0x72, 0x02,  0x2f, 0x02,  0x73, 0x43,  0xff, 0xe7,  0xb0, 0x5b,  0x36, 0x95,  0xff, 0xff,  0xde, 0xff,  0xfe, 0xff,  0xfe, 0xff,
  0xdf, 0xf7,  0xff, 0xff,  0x99, 0xa5,  0x52, 0x53,  0xff, 0xe7,  0xd3, 0x43,  0xf1, 0x01,  0x73, 0x02,  0x52, 0x02,  0x52, 0x02,  0x52, 0x02,  0x52, 0x02,
  0x52, 0x02,  0x52, 0x02,  0x53, 0x0a,  0x53, 0x02,  0x73, 0x02,  0x72, 0x02,  0x2e, 0x0a,  0x1a, 0xa6,  0xff, 0xd7,  0xb8, 0x34,  0x79, 0x04,  0x9c, 0x0c,
  0x7b, 0x0c,  0xba, 0x04,  0xbb, 0x04,  0x7b, 0x04,  0x9b, 0x04,  0x9b, 0x04,  0x9b, 0x04,  0x9b, 0x04,  0x9b, 0x04,  0x9b, 0x04,  0x9b, 0x04,  0x9b, 0x04,
  0x7a, 0x0c,  0x7a, 0x04,  0x9a, 0x04,  0x98, 0x2c,  0x5e, 0xc7,  0xdf, 0xff,  0xdf, 0xff,  0xff, 0xff,  0xfe, 0xf7,  0xfe, 0xff,  0xff, 0xff,  0xdf, 0xff,
  0xde, 0xff,  0xbf, 0xd7,  0xd8, 0x34,  0x7a, 0x04,  0x9b, 0x04,  0x7a, 0x04,  0x9b, 0x04,  0x9b, 0x04,  0x9a, 0x04,  0x9a, 0x04,  0x7a, 0x04,  0x9a, 0x04,
  0x9b, 0x04,  0x9b, 0x04,  0x37, 0x14,  0x19, 0x55,  0x1e, 0xb7,  0xff, 0xef,  0xff, 0xf7,  0xde, 0xff,  0xbe, 0xff,  0xde, 0xff,  0xfe, 0xff,  0xde, 0xff,
  0xde, 0xff,  0xde, 0xff,  0xfe, 0xff,  0xff, 0xff,  0xff, 0xff,  0xff, 0xff,  0xff, 0xff,  0xff, 0xff,  0xff, 0xff,  0xff, 0xff,  0xff, 0xff,  0xde, 0xff,
  0x9e, 0xff,  0x9e, 0xff,  0xff, 0xf7,  0x5b, 0x86,  0x37, 0x0c,  0x9b, 0x04,  0x9b, 0x04,  0x7a, 0x04,  0x7a, 0x0c,  0x9a, 0x04,  0x9b, 0x04,  0x9b, 0x04,
  0x37, 0x1c,  0xdd, 0xb6,  0x9f, 0xd7,  0xef, 0x2a,  0x6f, 0x02,  0x72, 0x02,  0x52, 0x02,  0x72, 0x02,  0x72, 0x02,  0x72, 0x02,  0x52, 0x02,  0x52, 0x02,
  0x52, 0x02,  0x52, 0x02,  0x72, 0x02,  0x51, 0x02,  0x50, 0x1a,  0x9f, 0xcf,  0x56, 0x8d,  0xb2, 0x63,  0xff, 0xf7,  0xde, 0xf7,  0xfe, 0xff,  0xfe, 0xff,
  0xdf, 0xf7,  0xff, 0xf7,  0x34, 0x74,  0x96, 0x84,  0xbf, 0xcf,  0x90, 0x12,  0x33, 0x02,  0x53, 0x02,  0x52, 0x02,  0x52, 0x02,  0x52, 0x02,  0x52, 0x02,
  0x52, 0x02,  0x53, 0x02,  0x53, 0x0a,  0x72, 0x02,  0x73, 0x02,  0x31, 0x02,  0x10, 0x33,  0xbf, 0xd7,  0xdd, 0xa6,  0x58, 0x14,  0xbb, 0x0c,  0x7b, 0x0c,
  0x7b, 0x0c,  0xba, 0x04,  0xba, 0x04,  0x7b, 0x04,  0x9b, 0x04,  0x9b, 0x04,  0x9b, 0x04,  0x9b, 0x04,  0x9b, 0x04,  0x9b, 0x04,  0x9b, 0x04,  0x9b, 0x04,
  0x7b, 0x04,  0x79, 0x14,  0x16, 0x1c,  0x9c, 0x96,  0xff, 0xef,  0xbf, 0xff,  0xdf, 0xff,  0xff, 0xff,  0xff, 0xff,  0xff, 0xff,  0xff, 0xff,  0xff, 0xff,
  0xff, 0xf7,  0x7e, 0xbf,  0x77, 0x24,  0x7a, 0x04,  0x9b, 0x04,  0x7b, 0x04,  0x9b, 0x04,  0x9a, 0x04,  0x9a, 0x04,  0x9a, 0x04,  0x9a, 0x04,  0xba, 0x0c,
  0x79, 0x0c,  0x38, 0x1c,  0xda, 0x7d,  0xbf, 0xd7,  0xff, 0xf7,  0xfe, 0xff,  0xfe, 0xff,  0xfe, 0xff,  0xff, 0xff,  0xfe, 0xff,  0xde, 0xff,  0xff, 0xff,
  0xdf, 0xff,  0xdf, 0xff,  0xdf, 0xff,  0xff, 0xff,  0xff, 0xff,  0xff, 0xff,  0xff, 0xff,  0xff, 0xff,  0xff, 0xff,  0xff, 0xff,  0xdf, 0xff,  0xdf, 0xff,
  0xdf, 0xff,  0xdf, 0xf7,  0xde, 0xff,  0xff, 0xe7,  0x79, 0x4d,  0x78, 0x04,  0x9b, 0x04,  0x9b, 0x04,  0x7a, 0x04,  0x9a, 0x04,  0x9b, 0x04,  0xbb, 0x04,
  0x39, 0x04,  0x99, 0x65,  0xff, 0xef,  0x74, 0x6c,  0x0e, 0x02,  0x73, 0x02,  0x53, 0x02,  0x72, 0x02,  0x72, 0x02,  0x72, 0x02,  0x52, 0x02,  0x52, 0x02,
  0x52, 0x02,  0x52, 0x02,  0x72, 0x02,  0x53, 0x0a,  0xd0, 0x01,  0x5b, 0x96,  0xdb, 0xbe,  0xcf, 0x42,  0x9f, 0xe7,  0xff, 0xf7,  0xde, 0xff,  0xff, 0xff,
  0xfe, 0xff,  0xdd, 0xdf,  0x11, 0x4b,  0xfb, 0xb5,  0xbb, 0xa6,  0x4e, 0x02,  0x34, 0x02,  0x52, 0x02,  0x52, 0x02,  0x52, 0x02,  0x52, 0x02,  0x52, 0x02,
  0x52, 0x02,  0x53, 0x02,  0x54, 0x02,  0x72, 0x02,  0x72, 0x02,  0xef, 0x09,  0x95, 0x64,  0xff, 0xe7,  0x79, 0x6d,  0x78, 0x0c,  0xbb, 0x04,  0x7b, 0x0c,
  0x7a, 0x0c,  0xda, 0x04,  0xbb, 0x04,  0x7b, 0x04,  0x9b, 0x04,  0x9b, 0x04,  0x9b, 0x04,  0x9b, 0x04,  0x9b, 0x04,  0x9b, 0x04,  0x7a, 0x04,  0xbb, 0x04,
  0xbc, 0x04,  0x18, 0x0c,  0xb9, 0x75,  0xff, 0xef,  0xbe, 0xf7,  0xdf, 0xff,  0xff, 0xff,  0xff, 0xf7,  0xff, 0xff,  0xdf, 0xff,  0xdf, 0xff,  0xfe, 0xf7,
  0xff, 0xef,  0xbc, 0x96,  0x37, 0x14,  0x9b, 0x04,  0x9c, 0x04,  0x7b, 0x04,  0x7b, 0x04,  0xbb, 0x04,  0x9b, 0x04,  0x9b, 0x04,  0x9b, 0x04,  0x58, 0x0c,
  0x76, 0x2c,  0x9d, 0xa6,  0xff, 0xef,  0xff, 0xf7,  0xde, 0xff,  0xfe, 0xff,  0xfe, 0xf7,  0xff, 0xf7,  0xff, 0xf7,  0xff, 0xff,  0xff, 0xff,  0xff, 0xff,
  0xdf, 0xff,  0xdf, 0xff,  0xdf, 0xff,  0xff, 0xff,  0xff, 0xff,  0xff, 0xff,  0xff, 0xff,  0xff, 0xff,  0xff, 0xff,  0xff, 0xff,  0xff, 0xff,  0xdf, 0xff,
  0xff, 0xf7,  0xff, 0xf7,  0xdd, 0xff,  0xfe, 0xf7,  0x1e, 0xaf,  0x77, 0x1c,  0x7a, 0x04,  0x9b, 0x04,  0x9b, 0x04,  0x9b, 0x04,  0x9b, 0x04,  0x7a, 0x04,
  0x7a, 0x04,  0xb8, 0x2c,  0xdf, 0xdf,  0x5a, 0xae,  0x2e, 0x0a,  0x53, 0x02,  0x73, 0x02,  0x72, 0x02,  0x72, 0x02,  0x72, 0x02,  0x52, 0x02,  0x52, 0x02,
  0x52, 0x02,  0x52, 0x02,  0x72, 0x02,  0x54, 0x0a,  0xd2, 0x01,  0xd5, 0x64,  0xdf, 0xe7,  0xd0, 0x42,  0x9c, 0xbe,  0xff, 0xff,  0xdf, 0xff,  0xff, 0xff,
  0xff, 0xff,  0x3c, 0xcf,  0xd0, 0x42,  0x3f, 0xd7,  0x77, 0x7d,  0x0f, 0x02,  0x53, 0x02,  0x52, 0x02,  0x52, 0x02,  0x52, 0x02,  0x52, 0x02,  0x52, 0x02,
  0x52, 0x02,  0x53, 0x02,  0x53, 0x02,  0x91, 0x02,  0x52, 0x02,  0xef, 0x11,  0x1a, 0x9e,  0xff, 0xcf,  0x99, 0x3c,  0x79, 0x04,  0xbb, 0x04,  0x7b, 0x04,
  0x7b, 0x04,  0xba, 0x04,  0xbb, 0x04,  0x7b, 0x04,  0x7b, 0x04,  0x9a, 0x04,  0x9b, 0x04,  0x9b, 0x04,  0x9b, 0x04,  0x9a, 0x04,  0x9a, 0x04,  0xbb, 0x04,
  0x5a, 0x04,  0xf9, 0x44,  0xdf, 0xdf,  0xfe, 0xff,  0xdf, 0xff,  0xff, 0xff,  0xff, 0xff,  0xff, 0xff,  0xff, 0xff,  0xdf, 0xff,  0xff, 0xff,  0xfe, 0xf7,
  0xff, 0xe7,  0xb9, 0x6d,  0x38, 0x0c,  0x9c, 0x04,  0x9b, 0x04,  0x7b, 0x04,  0x7b, 0x04,  0x9b, 0x04,  0x9c, 0x04,  0x9d, 0x04,  0x19, 0x0c,  0xd8, 0x3c,
  0x5e, 0xbf,  0xff, 0xf7,  0xdf, 0xf7,  0xff, 0xff,  0xdf, 0xff,  0xff, 0xf7,  0xff, 0xf7,  0xff, 0xf7,  0xfe, 0xf7,  0xfe, 0xff,  0xff, 0xff,  0xff, 0xf7,
  0xff, 0xf7,  0xff, 0xf7,  0xff, 0xff,  0xff, 0xff,  0xff, 0xf7,  0xdf, 0xff,  0xdf, 0xff,  0xff, 0xff,  0xff, 0xff,  0xff, 0xff,  0xdf, 0xff,  0xfe, 0xff,
  0xff, 0xf7,  0xfe, 0xf7,  0xde, 0xff,  0xbe, 0xf7,  0xdf, 0xdf,  0x18, 0x55,  0x58, 0x04,  0x9b, 0x04,  0x9c, 0x04,  0x9b, 0x04,  0x9a, 0x04,  0x7a, 0x04,
  0x9b, 0x04,  0x58, 0x0c,  0xdd, 0xa6,  0xbf, 0xdf,  0xf0, 0x2a,  0x32, 0x02,  0x73, 0x02,  0x72, 0x02,  0x72, 0x02,  0x72, 0x02,  0x52, 0x02,  0x52, 0x02,
  0x52, 0x02,  0x52, 0x02,  0x71, 0x02,  0x33, 0x02,  0xf1, 0x01,  0x92, 0x33,  0xff, 0xe7,  0x91, 0x5b,  0x58, 0x95,  0xff, 0xff,  0xdf, 0xff,  0xff, 0xff,
  0xff, 0xff,  0x5a, 0xae,  0x11, 0x4b,  0xff, 0xe7,  0x33, 0x54,  0xf1, 0x01,  0x73, 0x0a,  0x52, 0x02,  0x52, 0x02,  0x52, 0x02,  0x52, 0x02,  0x52, 0x02,
  0x52, 0x02,  0x52, 0x02,  0x52, 0x02,  0x91, 0x02,  0x31, 0x02,  0x51, 0x2a,  0x5e, 0xcf,  0x3e, 0x9f,  0x3a, 0x14,  0x7b, 0x04,  0x9b, 0x04,  0x9b, 0x04,
  0x9b, 0x04,  0x9b, 0x04,  0x9b, 0x04,  0x7b, 0x04,  0x7b, 0x04,  0x9a, 0x04,  0xba, 0x04,  0x9b, 0x04,  0x9c, 0x04,  0x9a, 0x04,  0xba, 0x04,  0x99, 0x04,
  0x57, 0x24,  0x1e, 0xaf,  0xff, 0xf7,  0xde, 0xff,  0xff, 0xff,  0xff, 0xff,  0xff, 0xff,  0xff, 0xff,  0xff, 0xff,  0xff, 0xf7,  0xff, 0xf7,  0xff, 0xff,
  0xbf, 0xcf,  0x97, 0x34,  0x59, 0x0c,  0xbb, 0x04,  0x9b, 0x04,  0x7a, 0x04,  0x7b, 0x04,  0x7b, 0x04,  0x9b, 0x04,  0x19, 0x0c,  0x1a, 0x55,  0x9f, 0xcf,
  0xff, 0xf7,  0xfe, 0xef,  0xfe, 0xf7,  0xfe, 0xff,  0xff, 0xff,  0xff, 0xff,  0xff, 0xff,  0xdf, 0xf7,  0xfe, 0xf7,  0xff, 0xf7,  0xff, 0xef,  0x7e, 0xc7,
  0xfd, 0xae,  0xbc, 0xa6,  0xbc, 0xa6,  0x5e, 0xc7,  0xff, 0xe7,  0xff, 0xff,  0x9f, 0xff,  0xff, 0xff,  0xff, 0xf7,  0xff, 0xff,  0xbf, 0xff,  0xdf, 0xff,
  0xff, 0xff,  0xff, 0xff,  0xdf, 0xff,  0xbf, 0xf7,  0xff, 0xf7,  0x3b, 0x8e,  0x37, 0x0c,  0x9b, 0x04,  0x9c, 0x04,  0x9b, 0x04,  0x9a, 0x04,  0x9a, 0x04,
  0xbb, 0x04,  0x39, 0x04,  0xdb, 0x6d,  0xff, 0xef,  0x13, 0x5c,  0x51, 0x02,  0x73, 0x02,  0x52, 0x02,  0x52, 0x02,  0x52, 0x02,  0x52, 0x02,  0x52, 0x02,
  0x52, 0x02,  0x52, 0x02,  0x72, 0x02,  0x51, 0x02,  0x31, 0x02,  0xb2, 0x12,  0xdf, 0xd7,  0xd4, 0x7c,  0x55, 0x74,  0xff, 0xff,  0xdf, 0xff,  0xfe, 0xff,
  0xff, 0xff,  0x77, 0x8d,  0xd3, 0x5b,  0xdf, 0xe7,  0x50, 0x3b,  0x31, 0x02,  0x52, 0x02,  0x52, 0x02,  0x52, 0x02,  0x52, 0x02,  0x52, 0x02,  0x52, 0x02,
  0x52, 0x02,  0x52, 0x02,  0x52, 0x02,  0x92, 0x02,  0x10, 0x02,  0x54, 0x4b,  0xff, 0xe7,  0x3b, 0x7e,  0x19, 0x14,  0x9b, 0x0c,  0x7b, 0x04,  0xbb, 0x04,
  0x9b, 0x04,  0x9b, 0x04,  0x9b, 0x04,  0x7b, 0x04,  0x9b, 0x04,  0x9a, 0x04,  0x9b, 0x04,  0x7c, 0x04,  0x9c, 0x04,  0xba, 0x04,  0xba, 0x04,  0x37, 0x0c,
  0x5c, 0x86,  0xff, 0xe7,  0xdf, 0xf7,  0xff, 0xff,  0xff, 0xff,  0xff, 0xff,  0xff, 0xff,  0xff, 0xff,  0xff, 0xff,  0xde, 0xff,  0xdf, 0xf7,  0xff, 0xff,
  0x7d, 0x8e,  0x38, 0x14,  0x9b, 0x0c,  0x9c, 0x04,  0x9b, 0x04,  0x9a, 0x04,  0x9b, 0x04,  0x9c, 0x04,  0x38, 0x04,  0x99, 0x5d,  0xdf, 0xd7,  0xdf, 0xff,
  0xbf, 0xff,  0xff, 0xf7,  0xff, 0xf7,  0xdf, 0xff,  0xde, 0xff,  0xbe, 0xff,  0xdf, 0xff,  0xff, 0xf7,  0xdf, 0xdf,  0x9d, 0x9e,  0x3a, 0x5d,  0x78, 0x34,
  0x37, 0x1c,  0x57, 0x14,  0x36, 0x14,  0x77, 0x24,  0xb9, 0x6d,  0xbf, 0xcf,  0xdf, 0xf7,  0xdf, 0xff,  0xfe, 0xf7,  0xff, 0xff,  0xdf, 0xff,  0xdf, 0xff,
  0xff, 0xff,  0xff, 0xff,  0xde, 0xff,  0xdf, 0xff,  0xff, 0xf7,  0x3e, 0xb7,  0x58, 0x1c,  0x7a, 0x04,  0xbc, 0x04,  0x9b, 0x04,  0x9a, 0x04,  0x9a, 0x04,
  0x9b, 0x04,  0x59, 0x04,  0xd8, 0x4c,  0xff, 0xe7,  0x57, 0x85,  0x30, 0x02,  0x73, 0x02,  0x52, 0x02,  0x52, 0x02,  0x52, 0x02,  0x52, 0x02,  0x52, 0x02,
  0x52, 0x02,  0x52, 0x02,  0x72, 0x02,  0x32, 0x02,  0x52, 0x02,  0x30, 0x02,  0xfd, 0xbe,  0xf9, 0x9d,  0x92, 0x53,  0xff, 0xf7,  0xdf, 0xff,  0xfe, 0xff,
  0xff, 0xff,  0x94, 0x74,  0xb5, 0x74,  0x9f, 0xdf,  0xaf, 0x22,  0x52, 0x02,  0x73, 0x02,  0x52, 0x02,  0x52, 0x02,  0x52, 0x02,  0x52, 0x02,  0x52, 0x02,
  0x52, 0x02,  0x53, 0x02,  0x52, 0x0a,  0x92, 0x02,  0x10, 0x02,  0x76, 0x6c,  0xff, 0xe7,  0x58, 0x55,  0x19, 0x0c,  0x9b, 0x0c,  0x9b, 0x04,  0x9b, 0x04,
  0x9b, 0x04,  0x9b, 0x04,  0x9b, 0x04,  0x9b, 0x04,  0x9b, 0x04,  0x9a, 0x04,  0x7b, 0x04,  0x7c, 0x04,  0x9c, 0x04,  0xba, 0x04,  0x57, 0x04,  0x59, 0x55,
  0xdf, 0xdf,  0xde, 0xff,  0xdf, 0xf7,  0xff, 0xf7,  0xff, 0xff,  0xff, 0xff,  0xff, 0xff,  0xff, 0xff,  0xde, 0xff,  0xde, 0xff,  0xff, 0xf7,  0xdf, 0xe7,
  0xf9, 0x4c,  0x3a, 0x0c,  0x9b, 0x0c,  0x9c, 0x04,  0x9b, 0x04,  0x9b, 0x04,  0x9b, 0x04,  0x19, 0x14,  0x9b, 0x65,  0xff, 0xd7,  0xfe, 0xf7,  0xbf, 0xff,
  0xdf, 0xff,  0xdf, 0xf7,  0xff, 0xff,  0xde, 0xff,  0xbd, 0xff,  0xde, 0xff,  0xff, 0xef,  0xbd, 0xa6,  0xf8, 0x4c,  0x38, 0x1c,  0x18, 0x0c,  0x5a, 0x04,
  0x9b, 0x04,  0xbb, 0x04,  0xbb, 0x04,  0x9a, 0x04,  0xf6, 0x0b,  0x59, 0x5d,  0xbf, 0xdf,  0xfe, 0xf7,  0xfe, 0xff,  0xfe, 0xff,  0xdf, 0xff,  0xdf, 0xff,
  0xff, 0xff,  0xff, 0xff,  0xff, 0xff,  0xdf, 0xff,  0xff, 0xf7,  0x9f, 0xc7,  0xb9, 0x2c,  0x7a, 0x0c,  0x9c, 0x04,  0x9b, 0x04,  0x9b, 0x04,  0x9b, 0x04,
  0x9b, 0x04,  0x7a, 0x0c,  0x77, 0x2c,  0xdf, 0xcf,  0x7b, 0xae,  0x30, 0x02,  0x72, 0x02,  0x52, 0x02,  0x52, 0x02,  0x52, 0x02,  0x52, 0x02,  0x52, 0x02,
  0x52, 0x02,  0x52, 0x02,  0x72, 0x02,  0x52, 0x02,  0x72, 0x0a,  0xf0, 0x01,  0x1a, 0xa6,  0xdc, 0xbe,  0x10, 0x43,  0xbf, 0xef,  0xff, 0xff,  0xfe, 0xff,
  0xff, 0xff,  0xf3, 0x5b,  0x77, 0x8d,  0xfe, 0xc6,  0x2f, 0x12,  0x52, 0x02,  0x73, 0x02,  0x52, 0x02,  0x52, 0x02,  0x52, 0x02,  0x52, 0x02,  0x52, 0x02,
  0x52, 0x02,  0x52, 0x02,  0x52, 0x02,  0x92, 0x02,  0x0f, 0x02,  0x78, 0x8d,  0xff, 0xdf,  0xd8, 0x3c,  0x5a, 0x04,  0x9b, 0x04,  0x9b, 0x04,  0x9b, 0x04,
  0x9b, 0x04,  0x9b, 0x04,  0x9b, 0x04,  0x9b, 0x04,  0x9b, 0x04,  0x7a, 0x04,  0x7b, 0x04,  0x7c, 0x04,  0x9b, 0x04,  0x79, 0x0c,  0x97, 0x2c,  0x7f, 0xbf,
  0xff, 0xf7,  0xbd, 0xff,  0xff, 0xff,  0xff, 0xf7,  0xff, 0xff,  0xff, 0xff,  0xff, 0xff,  0xff, 0xff,  0xfe, 0xff,  0xde, 0xff,  0xff, 0xf7,  0x9c, 0x9e,
  0x37, 0x1c,  0x7a, 0x14,  0x7a, 0x0c,  0x9b, 0x04,  0x9c, 0x04,  0x9b, 0x04,  0x18, 0x04,  0x5a, 0x75,  0xdf, 0xe7,  0xff, 0xef,  0xfe, 0xf7,  0xff, 0xf7,
  0xff, 0xff,  0xfd, 0xff,  0xdd, 0xff,  0xde, 0xff,  0xff, 0xf7,  0x9f, 0xcf,  0x79, 0x6d,  0x37, 0x1c,  0x59, 0x0c,  0x9a, 0x04,  0xbb, 0x04,  0x9b, 0x04,
  0x9b, 0x04,  0x9b, 0x04,  0x9b, 0x04,  0x9b, 0x04,  0x9b, 0x04,  0x17, 0x1c,  0x9c, 0xa6,  0xff, 0xf7,  0xde, 0xff,  0xff, 0xff,  0xdf, 0xff,  0xff, 0xff,
  0xff, 0xff,  0xff, 0xff,  0xff, 0xff,  0xff, 0xff,  0xff, 0xff,  0xdf, 0xd7,  0xf9, 0x3c,  0x59, 0x0c,  0x9b, 0x04,  0x9c, 0x04,  0x9b, 0x04,  0x9b, 0x04,
  0x9b, 0x04,  0x7a, 0x0c,  0x37, 0x1c,  0x3e, 0xb7,  0x3e, 0xcf,  0x90, 0x1a,  0x52, 0x02,  0x72, 0x02,  0x52, 0x02,  0x52, 0x02,  0x52, 0x02,  0x72, 0x02,
  0x52, 0x02,  0x72, 0x02,  0x72, 0x02,  0x52, 0x02,  0x72, 0x02,  0xf0, 0x01,  0x38, 0x85,  0x7f, 0xcf,  0xef, 0x3a,  0x1d, 0xdf,  0xff, 0xff,  0xfe, 0xf7,
  0xff, 0xf7,  0x92, 0x53,  0x39, 0xa6,  0x5c, 0xb6,  0x10, 0x12,  0x72, 0x02,  0x53, 0x02,  0x52, 0x02,  0x52, 0x02,  0x52, 0x02,  0x52, 0x02,  0x52, 0x02,
  0x52, 0x02,  0x52, 0x02,  0x32, 0x02,  0x72, 0x02,  0x0f, 0x0a,  0x9b, 0xae,  0xbf, 0xcf,  0x78, 0x2c,  0x7b, 0x04,  0x7b, 0x04,  0x9b, 0x04,  0x9b, 0x04,
  0x9b, 0x04,  0x9b, 0x04,  0x9b, 0x04,  0x9b, 0x04,  0x9b, 0x04,  0x7a, 0x04,  0x7b, 0x04,  0x9b, 0x04,  0x9a, 0x0c,  0x16, 0x1c,  0x5c, 0x96,  0xff, 0xef,
  0xde, 0xf7,  0xde, 0xff,  0xfe, 0xff,  0xff, 0xff,  0xff, 0xff,  0xff, 0xff,  0xff, 0xff,  0xff, 0xff,  0xff, 0xff,  0xde, 0xf7,  0xdf, 0xd7,  0x19, 0x45,
  0x59, 0x0c,  0x7a, 0x0c,  0x7a, 0x0c,  0x9b, 0x04,  0x9b, 0x0c,  0x17, 0x14,  0x7a, 0x5d,  0xdf, 0xe7,  0xbf, 0xff,  0xbf, 0xff,  0xff, 0xf7,  0xff, 0xf7,
  0xfe, 0xf7,  0xde, 0xff,  0xff, 0xf7,  0xff, 0xef,  0xdd, 0xa6,  0x97, 0x34,  0x38, 0x0c,  0x7a, 0x0c,  0x9b, 0x04,  0xba, 0x04,  0x9a, 0x04,  0x9a, 0x04,
  0x9a, 0x04,  0x7a, 0x04,  0x7a, 0x0c,  0x7b, 0x04,  0xbc, 0x04,  0x58, 0x14,  0x99, 0x6d,  0xff, 0xef,  0xde, 0xff,  0xff, 0xff,  0xdf, 0xff,  0xff, 0xff,
  0xff, 0xff,  0xff, 0xf7,  0xff, 0xff,  0xff, 0xff,  0xff, 0xff,  0xff, 0xdf,  0x19, 0x45,  0x38, 0x0c,  0x9b, 0x04,  0x9c, 0x04,  0x9b, 0x04,  0x9b, 0x04,
  0x7b, 0x04,  0x7b, 0x04,  0x38, 0x0c,  0x9c, 0x96,  0xbf, 0xdf,  0x12, 0x33,  0x51, 0x02,  0x73, 0x02,  0x52, 0x02,  0x52, 0x02,  0x52, 0x02,  0x72, 0x02,
  0x52, 0x02,  0x73, 0x02,  0x92, 0x02,  0x52, 0x02,  0x72, 0x02,  0xf0, 0x01,  0x54, 0x6c,  0xdf, 0xdf,  0xef, 0x3a,  0x9b, 0xce,  0xff, 0xff,  0xde, 0xf7,
  0x9f, 0xe7,  0x31, 0x43,  0xdc, 0xb6,  0xda, 0xa5,  0xd0, 0x09,  0x72, 0x02,  0x73, 0x02,  0x52, 0x02,  0x52, 0x02,  0x52, 0x02,  0x52, 0x02,  0x52, 0x02,
  0x52, 0x02,  0x52, 0x02,  0x53, 0x0a,  0x52, 0x02,  0x50, 0x12,  0x3d, 0xc7,  0x3e, 0xbf,  0x18, 0x1c,  0x7b, 0x04,  0x7b, 0x04,  0x9b, 0x04,  0x9b, 0x04,
  0x9b, 0x04,  0x9b, 0x04,  0x9b, 0x04,  0x7b, 0x04,  0x7b, 0x04,  0x7a, 0x0c,  0x9b, 0x04,  0xdb, 0x04,  0x58, 0x0c,  0x7a, 0x5d,  0xff, 0xe7,  0xdf, 0xff,
  0xdf, 0xf7,  0xff, 0xf7,  0xfe, 0xff,  0xfe, 0xff,  0xff, 0xff,  0xff, 0xff,  0xff, 0xff,  0xff, 0xf7,  0xff, 0xf7,  0xff, 0xf7,  0x7c, 0x96,  0x58, 0x0c,
  0xbb, 0x04,  0x9b, 0x04,  0x9b, 0x04,  0x9b, 0x04,  0x39, 0x0c,  0x5a, 0x5d,  0xff, 0xdf,  0xfe, 0xef,  0xdf, 0xf7,  0xbf, 0xff,  0xbf, 0xff,  0xfd, 0xf7,
  0xde, 0xf7,  0xbf, 0xff,  0xbf, 0xdf,  0xfa, 0x7d,  0x56, 0x24,  0x79, 0x04,  0xdc, 0x04,  0x9b, 0x04,  0x7b, 0x0c,  0x7a, 0x0c,  0x7a, 0x0c,  0x7b, 0x0c,
  0x9b, 0x0c,  0x7a, 0x04,  0x9a, 0x04,  0x9b, 0x04,  0x9c, 0x04,  0x58, 0x0c,  0x38, 0x55,  0xff, 0xe7,  0xff, 0xff,  0xdf, 0xff,  0xff, 0xff,  0xff, 0xff,
  0xff, 0xff,  0xff, 0xf7,  0xff, 0xff,  0xdf, 0xff,  0xff, 0xff,  0xff, 0xdf,  0x39, 0x4d,  0x38, 0x14,  0x9b, 0x04,  0x9c, 0x04,  0x9b, 0x04,  0x9b, 0x04,
  0x7b, 0x04,  0x7b, 0x04,  0x58, 0x0c,  0xfa, 0x7d,  0xff, 0xef,  0x93, 0x4b,  0x31, 0x02,  0x93, 0x02,  0x52, 0x02,  0x52, 0x02,  0x52, 0x02,  0x72, 0x02,
  0x52, 0x02,  0x73, 0x02,  0x92, 0x02,  0x52, 0x02,  0x72, 0x02,  0xf1, 0x01,  0xd3, 0x5b,  0xff, 0xdf,  0x30, 0x43,  0x39, 0xbe,  0xff, 0xff,  0xfe, 0xf7,
  0x5e, 0xdf,  0x30, 0x3b,  0x1d, 0xc7,  0x79, 0x8d,  0x11, 0x02,  0x72, 0x02,  0x52, 0x02,  0x52, 0x02,  0x52, 0x02,  0x52, 0x02,  0x52, 0x02,  0x52, 0x02,
  0x52, 0x02,  0x52, 0x02,  0x52, 0x02,  0x52, 0x02,  0xb1, 0x1a,  0x9e, 0xd7,  0xdd, 0xa6,  0x39, 0x0c,  0x9b, 0x04,  0x9b, 0x04,  0x9b, 0x04,  0x9b, 0x04,
  0x9b, 0x04,  0x9b, 0x04,  0x9b, 0x04,  0x9b, 0x04,  0x7b, 0x04,  0x7a, 0x0c,  0x9a, 0x04,  0x9a, 0x04,  0x78, 0x24,  0x3e, 0xbf,  0xff, 0xff,  0xde, 0xff,
  0xdf, 0xf7,  0xdf, 0xf7,  0xff, 0xff,  0xff, 0xff,  0xff, 0xff,  0xff, 0xf7,  0xff, 0xff,  0xff, 0xff,  0xff, 0xff,  0x9f, 0xcf,  0xb7, 0x3c,  0x7a, 0x04,
  0xdc, 0x04,  0x7b, 0x04,  0x7b, 0x0c,  0x59, 0x04,  0x19, 0x4d,  0xbf, 0xdf,  0xff, 0xf7,  0xde, 0xf7,  0xff, 0xf7,  0xff, 0xf7,  0xde, 0xff,  0xdf, 0xff,
  0xff, 0xf7,  0x9e, 0xcf,  0x59, 0x65,  0x38, 0x14,  0x9b, 0x04,  0x9b, 0x04,  0xbc, 0x04,  0xbc, 0x04,  0x99, 0x0c,  0x57, 0x14,  0x9c, 0x3d,  0x7b, 0x1c,
  0x7a, 0x04,  0xba, 0x04,  0xba, 0x04,  0x7b, 0x04,  0x7b, 0x0c,  0x39, 0x0c,  0x58, 0x5d,  0xff, 0xe7,  0xff, 0xf7,  0xdf, 0xff,  0xdf, 0xff,  0xff, 0xff,
  0xff, 0xff,  0xff, 0xf7,  0xff, 0xf7,  0xdf, 0xff,  0xff, 0xff,  0xff, 0xd7,  0xf9, 0x44,  0x38, 0x0c,  0x9b, 0x04,  0x9c, 0x04,  0x9b, 0x04,  0x9b, 0x04,
  0x9b, 0x04,  0x9b, 0x04,  0x59, 0x04,  0x9b, 0x5d,  0xff, 0xef,  0x14, 0x5c,  0x11, 0x02,  0x73, 0x02,  0x52, 0x02,  0x52, 0x02,  0x52, 0x02,  0x52, 0x02,
  0x72, 0x02,  0x73, 0x02,  0x72, 0x02,  0x51, 0x02,  0x52, 0x0a,  0x31, 0x02,  0xb3, 0x43,  0xff, 0xe7,  0x50, 0x4b,  0xd9, 0xa5,  0xff, 0xff,  0xdf, 0xf7,
  0x3e, 0xd7,  0x2f, 0x3b,  0x5e, 0xd7,  0x18, 0x85,  0x11, 0x02,  0x72, 0x02,  0x52, 0x02,  0x52, 0x02,  0x52, 0x02,  0x52, 0x02,  0x52, 0x02,  0x52, 0x02,
  0x52, 0x02,  0x52, 0x02,  0x71, 0x02,  0x51, 0x02,  0xf2, 0x22,  0xdf, 0xe7,  0x9d, 0x96,  0x39, 0x04,  0x9b, 0x04,  0x9b, 0x04,  0x9b, 0x04,  0x9b, 0x04,
  0x9b, 0x04,  0x9b, 0x04,  0x9b, 0x04,  0x9b, 0x04,  0x7b, 0x04,  0x7a, 0x04,  0x9a, 0x0c,  0x38, 0x0c,  0xfb, 0x75,  0xff, 0xef,  0xbe, 0xf7,  0xdf, 0xff,
  0xdf, 0xff,  0xdf, 0xff,  0xff, 0xff,  0xff, 0xff,  0xff, 0xff,  0xff, 0xff,  0xff, 0xff,  0xde, 0xff,  0xff, 0xf7,  0xfb, 0x7d,  0x17, 0x14,  0xbb, 0x04,
  0x9b, 0x04,  0x9c, 0x04,  0x3a, 0x04,  0xd9, 0x34,  0x7f, 0xc7,  0xdf, 0xff,  0xdf, 0xf7,  0xff, 0xf7,  0xfe, 0xf7,  0xfd, 0xff,  0xdd, 0xff,  0xff, 0xf7,
  0x7f, 0xbf,  0xf7, 0x44,  0x37, 0x14,  0x9b, 0x04,  0x9b, 0x04,  0x5a, 0x0c,  0x9b, 0x04,  0xbc, 0x04,  0x37, 0x0c,  0x99, 0x55,  0x5d, 0x66,  0x19, 0x0c,
  0x9b, 0x04,  0x9a, 0x04,  0x9a, 0x04,  0x7b, 0x04,  0x7b, 0x04,  0x59, 0x0c,  0xba, 0x6d,  0xff, 0xef,  0xfe, 0xf7,  0xff, 0xf7,  0xdf, 0xff,  0xff, 0xff,
  0xdf, 0xff,  0xff, 0xf7,  0xff, 0xf7,  0xde, 0xff,  0xff, 0xff,  0xdf, 0xcf,  0xd9, 0x3c,  0x39, 0x0c,  0x9b, 0x04,  0xbb, 0x04,  0x9b, 0x04,  0x9b, 0x04,
  0x9b, 0x04,  0x9b, 0x0c,  0x5a, 0x04,  0x5a, 0x55,  0xff, 0xef,  0x96, 0x6c,  0x11, 0x02,  0x73, 0x02,  0x52, 0x02,  0x52, 0x02,  0x52, 0x02,  0x52, 0x02,
  0x52, 0x02,  0x72, 0x02,  0x72, 0x02,  0x52, 0x02,  0x52, 0x0a,  0x31, 0x02,  0x52, 0x33,  0xff, 0xe7,  0xb2, 0x5b,  0x98, 0x95,  0xff, 0xff,  0xdf, 0xf7,
  0x1d, 0xcf,  0x2f, 0x3b,  0x7e, 0xd7,  0xd6, 0x7c,  0x10, 0x02,  0x72, 0x02,  0x52, 0x02,  0x72, 0x02,  0x52, 0x02,  0x52, 0x02,  0x52, 0x02,  0x52, 0x02,
  0x52, 0x02,  0x52, 0x02,  0x71, 0x02,  0x51, 0x02,  0x33, 0x2b,  0xff, 0xe7,  0x5c, 0x8e,  0x39, 0x04,  0x9b, 0x04,  0x9b, 0x04,  0x9b, 0x04,  0x9b, 0x04,
  0x9b, 0x04,  0x9b, 0x04,  0x9b, 0x04,  0x9b, 0x04,  0x9b, 0x04,  0xbc, 0x04,  0x5a, 0x04,  0xb7, 0x3c,  0xbf, 0xd7,  0xff, 0xf7,  0xdf, 0xff,  0xff, 0xff,
  0xff, 0xff,  0xff, 0xff,  0xdf, 0xff,  0xff, 0xff,  0xff, 0xff,  0xdf, 0xff,  0xbe, 0xff,  0xfe, 0xff,  0x3d, 0xbf,  0x57, 0x1c,  0x9b, 0x04,  0x9b, 0x04,
  0x9b, 0x04,  0x5a, 0x0c,  0x78, 0x2c,  0x3e, 0xaf,  0xff, 0xf7,  0xbe, 0xff,  0xdf, 0xf7,  0xff, 0xef,  0xfe, 0xf7,  0xbd, 0xff,  0xff, 0xf7,  0x3d, 0xaf,
  0xb7, 0x2c,  0x59, 0x04,  0xdc, 0x04,  0xbb, 0x04,  0x9a, 0x0c,  0x7a, 0x0c,  0x9c, 0x04,  0x39, 0x0c,  0xd8, 0x44,  0x9f, 0xaf,  0x39, 0x45,  0x59, 0x04,
  0x9b, 0x04,  0x7b, 0x0c,  0x7b, 0x04,  0x9b, 0x04,  0xbb, 0x04,  0x38, 0x14,  0x3c, 0x8e,  0xff, 0xf7,  0xde, 0xf7,  0xff, 0xf7,  0xff, 0xff,  0xff, 0xff,
  0xdf, 0xff,  0xff, 0xff,  0xff, 0xf7,  0xbe, 0xff,  0xff, 0xff,  0x9f, 0xc7,  0x98, 0x2c,  0x59, 0x0c,  0x9c, 0x04,  0x9b, 0x04,  0x9b, 0x04,  0x9b, 0x04,
  0x9b, 0x04,  0x9b, 0x04,  0x59, 0x04,  0x3a, 0x4d,  0xff, 0xef,  0xd7, 0x74,  0x11, 0x02,  0x73, 0x02,  0x52, 0x02,  0x52, 0x02,  0x52, 0x02,  0x52, 0x02,
  0x52, 0x02,  0x52, 0x02,  0x72, 0x02,  0x52, 0x02,  0x52, 0x0a,  0x32, 0x02,  0x11, 0x2b,  0xff, 0xe7,  0xd3, 0x5b,  0x37, 0x8d,  0xff, 0xff,  0xdf, 0xf7,
  0xfd, 0xce,  0x0f, 0x3b,  0x9e, 0xdf,  0xb6, 0x74,  0x10, 0x02,  0x72, 0x02,  0x52, 0x02,  0x72, 0x02,  0x52, 0x02,  0x52, 0x02,  0x52, 0x02,  0x52, 0x02,
  0x52, 0x02,  0x72, 0x02,  0x71, 0x02,  0x51, 0x02,  0x33, 0x2b,  0xff, 0xe7,  0x3c, 0x8e,  0x39, 0x0c,  0x7b, 0x04,  0x9b, 0x04,  0x9b, 0x04,  0x9b, 0x04,
  0x9b, 0x04,  0x9b, 0x04,  0x9b, 0x04,  0x9a, 0x04,  0x9b, 0x04,  0xbd, 0x04,  0x18, 0x0c,  0x7c, 0x96,  0xff, 0xff,  0xdf, 0xff,  0xff, 0xff,  0xff, 0xff,
  0xff, 0xff,  0xff, 0xff,  0xdf, 0xff,  0xdf, 0xff,  0xdf, 0xff,  0xdf, 0xff,  0xdf, 0xff,  0xff, 0xef,  0x58, 0x5d,  0x59, 0x04,  0xdd, 0x04,  0x7b, 0x04,
  0x9a, 0x0c,  0x16, 0x24,  0x7b, 0xae,  0xfe, 0xf7,  0xde, 0xf7,  0x9e, 0xff,  0xde, 0xff,  0xfe, 0xf7,  0xfe, 0xff,  0xff, 0xf7,  0xdd, 0xa6,  0x97, 0x24,
  0x79, 0x04,  0x9b, 0x0c,  0x9b, 0x04,  0x9a, 0x04,  0x9b, 0x04,  0x9d, 0x04,  0x5b, 0x04,  0x78, 0x34,  0x5e, 0xc7,  0x1d, 0xaf,  0x36, 0x1c,  0x9a, 0x04,
  0x9c, 0x04,  0x5c, 0x0c,  0x5b, 0x0c,  0x9c, 0x04,  0x9b, 0x04,  0x57, 0x24,  0x3e, 0xbf,  0xff, 0xff,  0xdf, 0xff,  0xfe, 0xff,  0xfe, 0xf7,  0xff, 0xff,
  0xdf, 0xff,  0xff, 0xff,  0xff, 0xff,  0xbf, 0xff,  0xff, 0xff,  0x1e, 0xaf,  0x78, 0x1c,  0x7a, 0x0c,  0x9b, 0x04,  0x9b, 0x04,  0x9a, 0x04,  0x9b, 0x04,
  0x9b, 0x04,  0x9b, 0x04,  0x5a, 0x04,  0x1a, 0x4d,  0xff, 0xef,  0xd7, 0x74,  0x11, 0x02,  0x73, 0x02,  0x52, 0x02,  0x52, 0x02,  0x52, 0x02,  0x52, 0x02,
  0x52, 0x02,  0x52, 0x02,  0x52, 0x02,  0x52, 0x02,  0x52, 0x0a,  0x32, 0x02,  0x12, 0x2b,  0xff, 0xe7,  0xf3, 0x63,  0x37, 0x8d,  0xff, 0xff,  0xdf, 0xff,
  0xfd, 0xce,  0x2f, 0x3b,  0x9e, 0xdf,  0xb6, 0x74,  0x10, 0x02,  0x72, 0x02,  0x52, 0x02,  0x72, 0x02,  0x52, 0x02,  0x52, 0x02,  0x52, 0x02,  0x52, 0x02,
  0x52, 0x02,  0x52, 0x02,  0x72, 0x02,  0x31, 0x02,  0x33, 0x2b,  0xff, 0xe7,  0x3c, 0x8e,  0x38, 0x04,  0x9b, 0x04,  0x9b, 0x04,  0x9b, 0x04,  0x9b, 0x04,
  0x9b, 0x04,  0x9b, 0x04,  0x9b, 0x04,  0x7a, 0x04,  0x9b, 0x04,  0x5a, 0x04,  0xf9, 0x44,  0xbf, 0xdf,  0xde, 0xff,  0xde, 0xff,  0xff, 0xff,  0xff, 0xff,
  0xff, 0xff,  0xff, 0xff,  0xdf, 0xff,  0xdf, 0xff,  0xdf, 0xff,  0xdf, 0xf7,  0xff, 0xf7,  0xdd, 0xa6,  0x36, 0x14,  0xbb, 0x04,  0xbc, 0x04,  0x9a, 0x14,
  0x36, 0x0c,  0xfa, 0x85,  0xff, 0xff,  0xfd, 0xf7,  0xdf, 0xef,  0xff, 0xf7,  0xff, 0xe7,  0xdb, 0xc6,  0xbf, 0xdf,  0xbe, 0x9e,  0x58, 0x24,  0x5a, 0x04,
  0x9b, 0x04,  0x7b, 0x0c,  0x9a, 0x0c,  0x79, 0x0c,  0x9b, 0x0c,  0x5b, 0x04,  0x79, 0x24,  0x1e, 0xaf,  0xff, 0xe7,  0x39, 0x65,  0x17, 0x14,  0x9b, 0x04,
  0x9c, 0x04,  0x7b, 0x0c,  0x7b, 0x0c,  0x9c, 0x04,  0x59, 0x04,  0x17, 0x55,  0xdf, 0xe7,  0xdf, 0xf7,  0xde, 0xff,  0xde, 0xff,  0xfe, 0xf7,  0xff, 0xff,
  0xdf, 0xff,  0xff, 0xff,  0xff, 0xf7,  0xbf, 0xff,  0xff, 0xf7,  0x9c, 0x8e,  0x37, 0x0c,  0xbb, 0x0c,  0x9c, 0x04,  0x9b, 0x04,  0x7a, 0x04,  0x9b, 0x04,
  0x9b, 0x04,  0x9b, 0x04,  0x5a, 0x04,  0x1a, 0x4d,  0xff, 0xef,  0xd7, 0x74,  0x11, 0x02,  0x73, 0x02,  0x52, 0x02,  0x52, 0x02,  0x52, 0x02,  0x52, 0x02,
  0x52, 0x02,  0x52, 0x02,  0x52, 0x02,  0x52, 0x02,  0x52, 0x0a,  0x52, 0x02,  0x11, 0x2b,  0xff, 0xe7,  0xf3, 0x5b,  0x37, 0x8d,  0xff, 0xff,  0xdf, 0xff,
  0x1d, 0xcf,  0x2f, 0x3b,  0x7e, 0xd7,  0xd7, 0x7c,  0x10, 0x02,  0x72, 0x02,  0x52, 0x02,  0x72, 0x02,  0x52, 0x02,  0x52, 0x02,  0x52, 0x02,  0x52, 0x02,
  0x52, 0x02,  0x52, 0x02,  0x71, 0x02,  0x31, 0x02,  0x33, 0x23,  0xff, 0xe7,  0x5c, 0x8e,  0x39, 0x04,  0x9b, 0x04,  0x9b, 0x04,  0x9b, 0x04,  0x9b, 0x04,
  0x9b, 0x04,  0x9b, 0x04,  0x9b, 0x04,  0x9b, 0x04,  0x7a, 0x0c,  0x37, 0x14,  0x7c, 0x8e,  0xff, 0xf7,  0xde, 0xff,  0xff, 0xff,  0xff, 0xff,  0xff, 0xff,
  0xff, 0xff,  0xff, 0xff,  0xdf, 0xff,  0xdf, 0xff,  0xdf, 0xff,  0xff, 0xf7,  0xdf, 0xd7,  0xf9, 0x44,  0x7b, 0x04,  0x9b, 0x04,  0x9a, 0x0c,  0x58, 0x0c,
  0x58, 0x55,  0xff, 0xd7,  0xdf, 0xd7,  0xf8, 0x95,  0x3d, 0xc7,  0x9f, 0xcf,  0x38, 0x55,  0xd7, 0x44,  0x7e, 0x7e,  0x98, 0x1c,  0x79, 0x0c,  0x7b, 0x04,
  0x7b, 0x04,  0xbb, 0x0c,  0x9b, 0x04,  0x9a, 0x14,  0x39, 0x14,  0x99, 0x34,  0x1e, 0xb7,  0xff, 0xf7,  0xfd, 0xa6,  0x58, 0x1c,  0x5a, 0x0c,  0x5b, 0x04,
  0x9c, 0x04,  0xbb, 0x04,  0x7b, 0x04,  0x7c, 0x0c,  0x17, 0x0c,  0x3a, 0x96,  0xff, 0xf7,  0xdf, 0xef,  0xde, 0xff,  0xdd, 0xff,  0xff, 0xf7,  0xff, 0xf7,
  0xbf, 0xff,  0xff, 0xf7,  0xfe, 0xf7,  0xdf, 0xf7,  0xff, 0xef,  0xd9, 0x6d,  0x58, 0x04,  0xbb, 0x04,  0x9b, 0x04,  0x7b, 0x04,  0x7a, 0x04,  0x9b, 0x04,
  0xbb, 0x04,  0x9b, 0x04,  0x39, 0x04,  0x3a, 0x4d,  0xff, 0xef,  0xb6, 0x6c,  0xf1, 0x01,  0x73, 0x02,  0x52, 0x02,  0x52, 0x02,  0x52, 0x02,  0x52, 0x02,
  0x52, 0x02,  0x52, 0x02,  0x72, 0x02,  0x52, 0x02,  0x52, 0x0a,  0x31, 0x02,  0x31, 0x2b,  0xff, 0xe7,  0xd2, 0x5b,  0x57, 0x95,  0xff, 0xff,  0xdf, 0xf7,
  0x3e, 0xd7,  0x0f, 0x3b,  0x3e, 0xcf,  0x38, 0x85,  0x10, 0x02,  0x73, 0x02,  0x52, 0x02,  0x52, 0x02,  0x52, 0x02,  0x52, 0x02,  0x52, 0x02,  0x52, 0x02,
  0x52, 0x02,  0x52, 0x02,  0x52, 0x02,  0x52, 0x02,  0xf2, 0x22,  0xdf, 0xdf,  0x9d, 0x96,  0x38, 0x0c,  0x9b, 0x04,  0x9b, 0x04,  0x9b, 0x04,  0x9b, 0x04,
  0x9b, 0x04,  0x9b, 0x04,  0x9b, 0x04,  0xbb, 0x04,  0x5a, 0x0c,  0xb8, 0x44,  0xbf, 0xcf,  0xff, 0xf7,  0xdf, 0xff,  0xff, 0xff,  0xff, 0xff,  0xff, 0xff,
  0xff, 0xff,  0xff, 0xff,  0xdf, 0xff,  0xdf, 0xff,  0xdf, 0xff,  0xff, 0xf7,  0x7c, 0x8e,  0x39, 0x0c,  0xbc, 0x04,  0x7a, 0x0c,  0x37, 0x14,  0x98, 0x24,
  0xbf, 0xbf,  0x9f, 0xc7,  0x1a, 0x4d,  0x97, 0x3c,  0x5c, 0x86,  0x97, 0x44,  0x38, 0x04,  0x1d, 0x25,  0xba, 0x1c,  0x99, 0x04,  0xba, 0x04,  0x9b, 0x04,
  0x7b, 0x04,  0xbc, 0x04,  0xbb, 0x04,  0x18, 0x0c,  0xb8, 0x44,  0x3e, 0xbf,  0xfe, 0xff,  0xdf, 0xdf,  0x3a, 0x45,  0x7a, 0x04,  0x7c, 0x04,  0x7c, 0x04,
  0x9b, 0x04,  0xba, 0x04,  0x9b, 0x04,  0x3a, 0x04,  0x98, 0x34,  0x9e, 0xcf,  0xfe, 0xf7,  0xff, 0xf7,  0xfe, 0xff,  0xde, 0xff,  0xff, 0xff,  0xfe, 0xf7,
  0xbf, 0xff,  0xdf, 0xf7,  0xfe, 0xf7,  0xff, 0xff,  0xbf, 0xd7,  0xf6, 0x3c,  0x79, 0x04,  0x9b, 0x04,  0x9b, 0x04,  0x7b, 0x04,  0x7a, 0x04,  0x9b, 0x04,
  0xbb, 0x04,  0x9b, 0x04,  0x39, 0x04,  0x5a, 0x55,  0xff, 0xef,  0x75, 0x64,  0x11, 0x02,  0x73, 0x02,  0x52, 0x02,  0x52, 0x02,  0x52, 0x02,  0x52, 0x02,
  0x52, 0x02,  0x52, 0x02,  0x72, 0x02,  0x52, 0x02,  0x52, 0x0a,  0x31, 0x02,  0x52, 0x33,  0xff, 0xe7,  0xb2, 0x53,  0x98, 0x9d,  0xff, 0xff,  0xdf, 0xf7,
  0x7f, 0xdf,  0x0f, 0x43,  0xfd, 0xc6,  0x79, 0x95,  0xf0, 0x01,  0x94, 0x02,  0x52, 0x0a,  0x52, 0x02,  0x52, 0x02,  0x52, 0x02,  0x52, 0x02,  0x52, 0x02,
  0x52, 0x02,  0x52, 0x02,  0x52, 0x0a,  0x74, 0x02,  0x91, 0x1a,  0x7e, 0xd7,  0x1d, 0x9f,  0x58, 0x14,  0x7a, 0x04,  0x9a, 0x04,  0x9b, 0x04,  0x9b, 0x04,
  0x9b, 0x04,  0x7b, 0x04,  0x9a, 0x04,  0xbb, 0x04,  0x39, 0x0c,  0xba, 0x85,  0xff, 0xf7,  0xff, 0xf7,  0xdf, 0xff,  0xff, 0xff,  0xff, 0xf7,  0xff, 0xff,
  0xff, 0xff,  0xff, 0xff,  0xde, 0xff,  0xde, 0xff,  0xff, 0xff,  0xdf, 0xd7,  0xd9, 0x44,  0x5a, 0x0c,  0xbb, 0x04,  0x99, 0x0c,  0x17, 0x1c,  0xdd, 0x96,
  0x7e, 0xa7,  0xb7, 0x34,  0x38, 0x0c,  0x5d, 0x25,  0xdb, 0x1c,  0x59, 0x0c,  0x9b, 0x0c,  0x9a, 0x04,  0x9a, 0x04,  0x9a, 0x04,  0x7b, 0x04,  0x7c, 0x04,
  0x9c, 0x04,  0x9a, 0x04,  0x16, 0x0c,  0x39, 0x55,  0x9f, 0xcf,  0xff, 0xff,  0xff, 0xf7,  0x3c, 0x86,  0x59, 0x0c,  0x9b, 0x0c,  0x9b, 0x04,  0xbc, 0x04,
  0x9b, 0x04,  0x79, 0x04,  0x9a, 0x0c,  0x18, 0x0c,  0xfa, 0x85,  0xff, 0xe7,  0xdf, 0xef,  0xde, 0xff,  0xfe, 0xff,  0xff, 0xff,  0xff, 0xff,  0xfe, 0xf7,
  0xbf, 0xff,  0xdf, 0xf7,  0xde, 0xef,  0xff, 0xff,  0xfe, 0xb6,  0x77, 0x1c,  0x9a, 0x04,  0x9a, 0x04,  0x9a, 0x04,  0x9b, 0x04,  0x7b, 0x04,  0x9b, 0x04,
  0x9b, 0x04,  0x9b, 0x04,  0x38, 0x04,  0x99, 0x6d,  0xff, 0xef,  0x14, 0x54,  0x10, 0x02,  0x73, 0x02,  0x52, 0x02,  0x52, 0x02,  0x52, 0x02,  0x72, 0x02,
  0x72, 0x02,  0x72, 0x02,  0x72, 0x02,  0x52, 0x02,  0x73, 0x02,  0x11, 0x02,  0x71, 0x4b,  0xff, 0xe7,  0x91, 0x43,  0xd8, 0xad,  0xff, 0xff,  0xdf, 0xf7,
  0xbf, 0xe7,  0x4f, 0x4b,  0x9b, 0xbe,  0xfa, 0x9d,  0x10, 0x02,  0x93, 0x02,  0x52, 0x0a,  0x52, 0x02,  0x52, 0x02,  0x52, 0x02,  0x52, 0x02,  0x52, 0x02,
  0x52, 0x02,  0x52, 0x02,  0x72, 0x02,  0x73, 0x02,  0x4f, 0x1a,  0xfc, 0xc6,  0x7f, 0xb7,  0x58, 0x1c,  0x7a, 0x04,  0x9a, 0x04,  0x9b, 0x04,  0x9b, 0x04,
  0x7b, 0x04,  0x9b, 0x04,  0x9b, 0x04,  0xba, 0x04,  0x58, 0x1c,  0x1e, 0xb7,  0xff, 0xf7,  0xde, 0xf7,  0xdf, 0xff,  0xff, 0xff,  0xff, 0xf7,  0xff, 0xff,
  0xff, 0xff,  0xff, 0xff,  0xde, 0xff,  0xdf, 0xf7,  0xff, 0xf7,  0xbd, 0xa6,  0x17, 0x24,  0x7a, 0x0c,  0x9b, 0x04,  0x38, 0x04,  0xdc, 0x55,  0xfe, 0x8e,
  0x98, 0x24,  0x79, 0x04,  0xbb, 0x04,  0xbb, 0x04,  0x99, 0x04,  0xba, 0x0c,  0x9a, 0x04,  0xbb, 0x04,  0xbb, 0x04,  0x7b, 0x04,  0x5b, 0x0c,  0x5c, 0x14,
  0x39, 0x0c,  0x77, 0x0c,  0xfb, 0x75,  0xdf, 0xd7,  0xff, 0xef,  0xff, 0xef,  0x1e, 0xb7,  0x77, 0x2c,  0x5a, 0x0c,  0x9b, 0x04,  0x9a, 0x04,  0x9b, 0x04,
  0xbc, 0x04,  0x9b, 0x04,  0x59, 0x0c,  0x98, 0x34,  0xbf, 0xcf,  0xff, 0xef,  0xdf, 0xff,  0xde, 0xff,  0xfe, 0xff,  0xff, 0xff,  0xff, 0xff,  0xfe, 0xff,
  0xdf, 0xff,  0xde, 0xff,  0xfe, 0xf7,  0xff, 0xf7,  0xda, 0x7d,  0x37, 0x0c,  0x9b, 0x04,  0x9a, 0x04,  0x9b, 0x04,  0x9b, 0x04,  0x7b, 0x04,  0x9b, 0x04,
  0x9b, 0x04,  0xbb, 0x04,  0x38, 0x0c,  0xfa, 0x7d,  0xff, 0xe7,  0xb3, 0x43,  0x31, 0x02,  0x73, 0x02,  0x52, 0x02,  0x52, 0x02,  0x52, 0x02,  0x72, 0x02,
  0x72, 0x02,  0x72, 0x02,  0x72, 0x02,  0x52, 0x02,  0x73, 0x02,  0xf1, 0x01,  0xf3, 0x5b,  0xff, 0xdf,  0x30, 0x3b,  0x5a, 0xbe,  0xff, 0xff,  0xdf, 0xf7,
  0xff, 0xef,  0x90, 0x53,  0x19, 0xa6,  0x7b, 0xb6,  0x2f, 0x0a,  0x73, 0x02,  0x52, 0x02,  0x52, 0x02,  0x52, 0x02,  0x52, 0x02,  0x52, 0x02,  0x52, 0x02,
  0x52, 0x02,  0x52, 0x02,  0x91, 0x02,  0x72, 0x02,  0xef, 0x11,  0x3b, 0xae,  0xdf, 0xcf,  0x98, 0x2c,  0x7a, 0x04,  0x9b, 0x04,  0x9b, 0x04,  0x9b, 0x04,
  0x7b, 0x04,  0x9b, 0x04,  0x9b, 0x04,  0x59, 0x04,  0xf8, 0x44,  0xdf, 0xdf,  0xfe, 0xf7,  0xfe, 0xf7,  0xdf, 0xff,  0xff, 0xff,  0xff, 0xff,  0xff, 0xff,
  0xff, 0xff,  0xff, 0xff,  0xff, 0xff,  0xdf, 0xf7,  0xff, 0xef,  0x9b, 0x6d,  0x38, 0x0c,  0x99, 0x0c,  0x7b, 0x04,  0xfc, 0x24,  0x1c, 0x56,  0x77, 0x24,
  0x3a, 0x0c,  0x9d, 0x0c,  0x7c, 0x04,  0x7b, 0x04,  0x7a, 0x0c,  0x7a, 0x04,  0x7a, 0x04,  0x7c, 0x04,  0x9c, 0x04,  0xbb, 0x04,  0x9a, 0x0c,  0x18, 0x14,
  0xd8, 0x4c,  0x1e, 0xaf,  0xff, 0xef,  0xde, 0xf7,  0xfe, 0xf7,  0xbf, 0xcf,  0xd9, 0x3c,  0x39, 0x0c,  0x9a, 0x0c,  0x9b, 0x04,  0x9a, 0x04,  0x9a, 0x04,
  0xbc, 0x04,  0xbd, 0x04,  0x17, 0x1c,  0x9c, 0x9e,  0xff, 0xef,  0xff, 0xf7,  0xdf, 0xff,  0xfe, 0xff,  0xff, 0xff,  0xff, 0xff,  0xff, 0xff,  0xff, 0xff,
  0xde, 0xff,  0xdd, 0xff,  0xfe, 0xff,  0xbf, 0xd7,  0xb8, 0x3c,  0x59, 0x04,  0x9b, 0x04,  0x9a, 0x04,  0x9b, 0x04,  0x9b, 0x04,  0x7b, 0x04,  0x9b, 0x04,
  0x9b, 0x04,  0x9a, 0x04,  0x17, 0x14,  0x9c, 0x96,  0xbf, 0xdf,  0x11, 0x2b,  0x31, 0x02,  0x53, 0x02,  0x52, 0x02,  0x52, 0x02,  0x52, 0x02,  0x72, 0x02,
  0x72, 0x02,  0x72, 0x02,  0x72, 0x02,  0x52, 0x02,  0x93, 0x02,  0xf0, 0x01,  0x75, 0x74,  0xdf, 0xdf,  0x10, 0x3b,  0xdb, 0xc6,  0xff, 0xff,  0xfe, 0xf7,
  0xff, 0xff,  0x12, 0x64,  0x77, 0x8d,  0x1e, 0xc7,  0x4f, 0x12,  0x72, 0x02,  0x52, 0x02,  0x52, 0x02,  0x52, 0x02,  0x52, 0x02,  0x52, 0x02,  0x52, 0x02,
  0x52, 0x02,  0x72, 0x02,  0x91, 0x02,  0x72, 0x02,  0xef, 0x09,  0x58, 0x8d,  0xff, 0xdf,  0xf8, 0x44,  0x59, 0x04,  0x9b, 0x04,  0x9b, 0x04,  0x9b, 0x04,
  0x9b, 0x04,  0x9a, 0x04,  0x9b, 0x04,  0x38, 0x04,  0xba, 0x6d,  0xff, 0xef,  0xfe, 0xf7,  0xfe, 0xff,  0xdf, 0xff,  0xff, 0xff,  0xff, 0xff,  0xff, 0xff,
  0xff, 0xff,  0xff, 0xff,  0xff, 0xff,  0xff, 0xef,  0xdf, 0xe7,  0xf9, 0x4c,  0x59, 0x04,  0x99, 0x04,  0x7b, 0x04,  0xfb, 0x1c,  0x97, 0x0c,  0x79, 0x0c,
  0x7c, 0x0c,  0x7c, 0x04,  0x7b, 0x0c,  0x7b, 0x0c,  0x7b, 0x04,  0x7b, 0x04,  0x7b, 0x04,  0x7c, 0x0c,  0x5b, 0x04,  0x58, 0x0c,  0xb8, 0x2c,  0x1c, 0x7e,
  0xbf, 0xdf,  0xfe, 0xff,  0xde, 0xff,  0xdd, 0xff,  0xdf, 0xe7,  0x59, 0x5d,  0x38, 0x04,  0xbb, 0x04,  0x9a, 0x04,  0x9b, 0x04,  0x9a, 0x0c,  0x7a, 0x0c,
  0x9b, 0x04,  0x3a, 0x0c,  0x39, 0x5d,  0xdf, 0xe7,  0xff, 0xf7,  0xff, 0xff,  0xde, 0xff,  0xff, 0xff,  0xff, 0xff,  0xff, 0xff,  0xff, 0xff,  0xff, 0xff,
  0xfe, 0xff,  0xde, 0xff,  0xff, 0xf7,  0xbc, 0x9e,  0x37, 0x14,  0x9b, 0x04,  0x9b, 0x04,  0x9b, 0x04,  0x9b, 0x04,  0x9b, 0x04,  0x9b, 0x04,  0x9b, 0x04,
  0x9b, 0x04,  0x7a, 0x04,  0x37, 0x1c,  0x5e, 0xb7,  0x1d, 0xc7,  0x90, 0x1a,  0x52, 0x02,  0x52, 0x02,  0x52, 0x02,  0x52, 0x02,  0x52, 0x02,  0x72, 0x02,
  0x72, 0x02,  0x72, 0x02,  0x72, 0x02,  0x52, 0x02,  0x92, 0x02,  0xf0, 0x01,  0x37, 0x8d,  0x5e, 0xcf,  0x10, 0x3b,  0x3d, 0xdf,  0xff, 0xff,  0xff, 0xff,
  0xff, 0xff,  0xb4, 0x74,  0x94, 0x6c,  0xbf, 0xdf,  0xb0, 0x2a,  0x51, 0x02,  0x72, 0x02,  0x52, 0x02,  0x52, 0x02,  0x52, 0x02,  0x52, 0x02,  0x52, 0x02,
  0x52, 0x02,  0x72, 0x02,  0x71, 0x02,  0x51, 0x02,  0xf0, 0x01,  0x76, 0x64,  0xff, 0xe7,  0x79, 0x65,  0x39, 0x0c,  0x9b, 0x04,  0x9b, 0x04,  0x9a, 0x04,
  0x9a, 0x04,  0x9a, 0x04,  0xbb, 0x04,  0x58, 0x0c,  0x7b, 0x96,  0xff, 0xff,  0xde, 0xff,  0xff, 0xff,  0xdf, 0xff,  0xff, 0xff,  0xff, 0xff,  0xff, 0xff,
  0xff, 0xff,  0xff, 0xff,  0xff, 0xff,  0xff, 0xf7,  0xdf, 0xe7,  0xd7, 0x4c,  0x79, 0x0c,  0x9a, 0x04,  0x9b, 0x04,  0x79, 0x04,  0xb9, 0x0c,  0xba, 0x04,
  0xbb, 0x04,  0x9a, 0x04,  0x9a, 0x04,  0xbb, 0x04,  0xdc, 0x04,  0xdc, 0x04,  0x79, 0x0c,  0x37, 0x0c,  0x77, 0x24,  0xba, 0x75,  0x5f, 0xc7,  0xff, 0xf7,
  0xff, 0xff,  0xdd, 0xf7,  0xfe, 0xf7,  0xff, 0xe7,  0xba, 0x6d,  0x17, 0x14,  0xbb, 0x0c,  0xbb, 0x04,  0x9b, 0x04,  0x9b, 0x04,  0x7a, 0x04,  0x7a, 0x0c,
  0x79, 0x14,  0x77, 0x2c,  0x3e, 0xbf,  0xff, 0xff,  0xfe, 0xf7,  0xff, 0xff,  0xdf, 0xff,  0xff, 0xff,  0xff, 0xff,  0xff, 0xff,  0xdf, 0xff,  0xff, 0xff,
  0xfe, 0xf7,  0xff, 0xf7,  0xff, 0xe7,  0x18, 0x4d,  0x59, 0x04,  0x9c, 0x04,  0x9b, 0x04,  0x9b, 0x04,  0x9b, 0x04,  0x9b, 0x04,  0x9b, 0x04,  0x9b, 0x04,
  0x9b, 0x04,  0x79, 0x0c,  0x77, 0x2c,  0xdf, 0xcf,  0x5a, 0xae,  0x2f, 0x0a,  0x53, 0x02,  0x53, 0x02,  0x52, 0x02,  0x52, 0x02,  0x52, 0x02,  0x72, 0x02,
  0x72, 0x02,  0x72, 0x02,  0x72, 0x02,  0x52, 0x02,  0x72, 0x02,  0xef, 0x01,  0x3a, 0xae,  0x9c, 0xbe,  0x30, 0x43,  0xdf, 0xef,  0xff, 0xff,  0xff, 0xff,
  0xff, 0xff,  0xb8, 0x95,  0xd2, 0x53,  0xff, 0xe7,  0x52, 0x3b,  0x31, 0x02,  0x73, 0x02,  0x52, 0x02,  0x52, 0x02,  0x52, 0x02,  0x52, 0x02,  0x52, 0x02,
  0x52, 0x02,  0x52, 0x02,  0x52, 0x02,  0x52, 0x0a,  0x31, 0x02,  0x72, 0x33,  0xff, 0xe7,  0x3b, 0x8e,  0xf8, 0x0b,  0x9b, 0x04,  0x9b, 0x04,  0x9a, 0x04,
  0x9a, 0x04,  0x9a, 0x04,  0x9b, 0x04,  0x78, 0x14,  0xdc, 0xae,  0xff, 0xff,  0xde, 0xff,  0xff, 0xff,  0xbf, 0xff,  0xdf, 0xff,  0xff, 0xff,  0xff, 0xff,
  0xff, 0xff,  0xff, 0xff,  0xde, 0xff,  0xff, 0xf7,  0xff, 0xf7,  0xda, 0x75,  0xf8, 0x0b,  0x7c, 0x0c,  0xbb, 0x04,  0x9a, 0x04,  0x9b, 0x04,  0xbb, 0x04,
  0xbb, 0x04,  0x9a, 0x04,  0x99, 0x04,  0x7a, 0x04,  0x5a, 0x04,  0x59, 0x14,  0xb8, 0x3c,  0xda, 0x7d,  0x5e, 0xc7,  0xff, 0xef,  0xfe, 0xff,  0xde, 0xff,
  0xbe, 0xf7,  0xdf, 0xf7,  0xff, 0xe7,  0xdb, 0x7d,  0x18, 0x14,  0x9a, 0x0c,  0x9a, 0x04,  0x9b, 0x04,  0x9b, 0x04,  0x9b, 0x0c,  0x9b, 0x04,  0x9b, 0x04,
  0x37, 0x14,  0x5c, 0x8e,  0xff, 0xef,  0xde, 0xff,  0xfe, 0xf7,  0xff, 0xff,  0xdf, 0xff,  0xff, 0xff,  0xff, 0xff,  0xff, 0xff,  0xdf, 0xff,  0xdf, 0xff,
  0xfe, 0xef,  0xff, 0xef,  0xdd, 0xae,  0x36, 0x1c,  0x9a, 0x04,  0x9c, 0x04,  0x9b, 0x04,  0x9b, 0x04,  0x9b, 0x04,  0x9b, 0x04,  0x9b, 0x04,  0x9b, 0x04,
  0x9b, 0x04,  0x59, 0x04,  0x19, 0x45,  0xff, 0xe7,  0x16, 0x85,  0x0f, 0x02,  0x73, 0x02,  0x52, 0x02,  0x52, 0x02,  0x52, 0x02,  0x52, 0x02,  0x72, 0x02,
  0x72, 0x02,  0x72, 0x02,  0x72, 0x02,  0x52, 0x02,  0x72, 0x02,  0x30, 0x02,  0x1e, 0xc7,  0x98, 0x9d,  0x92, 0x53,  0xff, 0xf7,  0xff, 0xff,  0xdf, 0xff,
  0xff, 0xff,  0x7b, 0xae,  0x4f, 0x4b,  0xdf, 0xe7,  0x55, 0x5c,  0x30, 0x02,  0x73, 0x02,  0x52, 0x02,  0x52, 0x02,  0x52, 0x02,  0x52, 0x02,  0x52, 0x02,
  0x52, 0x02,  0x53, 0x02,  0x32, 0x02,  0x72, 0x02,  0x52, 0x02,  0x90, 0x1a,  0x5e, 0xc7,  0x3e, 0xb7,  0x17, 0x24,  0x9b, 0x04,  0x9b, 0x04,  0x9b, 0x04,
  0x9a, 0x04,  0x9a, 0x04,  0x9b, 0x04,  0x79, 0x24,  0x3e, 0xbf,  0xff, 0xff,  0xde, 0xff,  0xff, 0xf7,  0xdf, 0xff,  0xdf, 0xff,  0xff, 0xff,  0xff, 0xff,
  0xff, 0xff,  0xff, 0xff,  0xdf, 0xff,  0xdf, 0xf7,  0xff, 0xf7,  0x9f, 0xc7,  0x19, 0x4d,  0x18, 0x14,  0x39, 0x04,  0x5a, 0x04,  0x3a, 0x04,  0x39, 0x04,
  0x38, 0x04,  0x38, 0x0c,  0x57, 0x1c,  0xb8, 0x34,  0x7a, 0x5d,  0x9d, 0x9e,  0xbf, 0xd7,  0xff, 0xff,  0xff, 0xff,  0xff, 0xef,  0xde, 0xf7,  0xde, 0xff,
  0xff, 0xf7,  0xff, 0xe7,  0xdb, 0x75,  0x17, 0x1c,  0x9b, 0x0c,  0x9b, 0x04,  0x7a, 0x04,  0x9a, 0x04,  0x9b, 0x04,  0x7a, 0x0c,  0x9c, 0x0c,  0x39, 0x0c,
  0x59, 0x65,  0xff, 0xef,  0xfe, 0xf7,  0xff, 0xef,  0xff, 0xef,  0xff, 0xff,  0xff, 0xff,  0xfe, 0xff,  0xff, 0xff,  0xff, 0xff,  0xdf, 0xff,  0xdf, 0xf7,
  0xde, 0xf7,  0xdf, 0xe7,  0x19, 0x55,  0x5a, 0x04,  0x9b, 0x04,  0x7a, 0x04,  0x9b, 0x04,  0x9b, 0x04,  0x9b, 0x04,  0x9b, 0x04,  0x7b, 0x04,  0x7b, 0x04,
  0x9b, 0x04,  0x18, 0x04,  0xfb, 0x75,  0xff, 0xe7,  0xd3, 0x53,  0x30, 0x02,  0x73, 0x02,  0x52, 0x02,  0x52, 0x02,  0x72, 0x02,  0x72, 0x02,  0x52, 0x02,
  0x52, 0x02,  0x52, 0x02,  0x73, 0x02,  0x51, 0x02,  0x70, 0x02,  0x91, 0x1a,  0xbf, 0xe7,  0xb4, 0x74,  0x95, 0x6c,  0xff, 0xff,  0xde, 0xff,  0xdf, 0xff,
  0xfe, 0xff,  0x5e, 0xcf,  0xee, 0x42,  0x3d, 0xd7,  0x78, 0x7d,  0x0f, 0x02,  0x72, 0x02,  0x52, 0x02,  0x52, 0x02,  0x52, 0x02,  0x52, 0x02,  0x52, 0x02,
  0x52, 0x02,  0x53, 0x02,  0x52, 0x02,  0x72, 0x02,  0x73, 0x0a,  0xf0, 0x11,  0xf9, 0x95,  0xff, 0xd7,  0xb8, 0x44,  0x7a, 0x04,  0x7b, 0x04,  0x7b, 0x04,
  0x9a, 0x04,  0x9a, 0x04,  0x9b, 0x04,  0x79, 0x24,  0x3e, 0xbf,  0xff, 0xff,  0xde, 0xff,  0xff, 0xf7,  0xdf, 0xff,  0xdf, 0xff,  0xff, 0xff,  0xff, 0xff,
  0xff, 0xff,  0xff, 0xff,  0xdf, 0xff,  0xdf, 0xff,  0xdf, 0xff,  0xff, 0xf7,  0xff, 0xdf,  0xdc, 0xae,  0xfb, 0x7d,  0x9b, 0x65,  0x7a, 0x5d,  0x79, 0x65,
  0xda, 0x75,  0x5b, 0x8e,  0x1d, 0xaf,  0xbf, 0xcf,  0xff, 0xef,  0xff, 0xff,  0xfe, 0xff,  0xfe, 0xff,  0xff, 0xff,  0xdf, 0xff,  0xde, 0xff,  0xff, 0xf7,
  0xdf, 0xd7,  0x79, 0x65,  0x17, 0x14,  0x7a, 0x0c,  0x9b, 0x04,  0x9a, 0x04,  0x99, 0x0c,  0x7a, 0x0c,  0x7a, 0x04,  0x9b, 0x0c,  0x59, 0x04,  0xf9, 0x3c,
  0x9f, 0xcf,  0xfe, 0xff,  0xde, 0xff,  0xff, 0xf7,  0xff, 0xf7,  0xdf, 0xff,  0xdf, 0xff,  0xff, 0xff,  0xff, 0xff,  0xff, 0xff,  0xdf, 0xff,  0xdf, 0xf7,
  0xff, 0xf7,  0x7c, 0x9e,  0x17, 0x1c,  0x9c, 0x04,  0x9b, 0x04,  0x9a, 0x04,  0x9b, 0x04,  0x9b, 0x04,  0x9b, 0x04,  0x9b, 0x04,  0x7b, 0x04,  0x7b, 0x04,
  0x9b, 0x04,  0x38, 0x14,  0x1d, 0xaf,  0x9f, 0xd7,  0xd0, 0x22,  0x31, 0x02,  0x72, 0x02,  0x52, 0x02,  0x72, 0x02,  0x72, 0x02,  0x52, 0x02,  0x52, 0x02,
  0x52, 0x02,  0x52, 0x02,  0x53, 0x02,  0x92, 0x02,  0x50, 0x02,  0x94, 0x43,  0xff, 0xef,  0x91, 0x4b,  0xb8, 0x95,  0xff, 0xff,  0xde, 0xff,  0xdf, 0xff,
  0xfe, 0xf7,  0xff, 0xe7,  0x4f, 0x53,  0x19, 0xae,  0xdd, 0xae,  0x2f, 0x02,  0x52, 0x02,  0x72, 0x02,  0x52, 0x02,  0x52, 0x02,  0x52, 0x02,  0x52, 0x02,
  0x52, 0x02,  0x52, 0x02,  0x72, 0x02,  0x72, 0x02,  0x73, 0x02,  0xf0, 0x09,  0x54, 0x5c,  0xff, 0xdf,  0xba, 0x6d,  0x39, 0x04,  0x9b, 0x0c,  0x9c, 0x04,
  0x9b, 0x04,  0x9a, 0x04,  0x9a, 0x04,  0x78, 0x1c,  0x1d, 0xaf,  0xff, 0xff,  0xfd, 0xff,  0xff, 0xff,  0xdf, 0xff,  0xff, 0xff,  0xff, 0xff,  0xff, 0xff,
  0xff, 0xff,  0xff, 0xff,  0xdf, 0xff,  0xdf, 0xff,  0xff, 0xff,  0xde, 0xff,  0xde, 0xff,  0xff, 0xff,  0xff, 0xff,  0xff, 0xff,  0xff, 0xf7,  0xff, 0xf7,
  0xff, 0xff,  0xff, 0xff,  0xfe, 0xf7,  0xfe, 0xff,  0xde, 0xff,  0xde, 0xff,  0xde, 0xff,  0xff, 0xf7,  0xfe, 0xff,  0xbd, 0xff,  0xff, 0xff,  0x9f, 0xc7,
  0x3a, 0x4d,  0x38, 0x14,  0x79, 0x0c,  0x9a, 0x04,  0x9b, 0x04,  0x9a, 0x04,  0x79, 0x0c,  0x79, 0x0c,  0x7a, 0x0c,  0x7a, 0x04,  0x97, 0x24,  0x3e, 0xaf,
  0xff, 0xef,  0xfe, 0xff,  0xdf, 0xff,  0xdf, 0xff,  0xbe, 0xff,  0xbf, 0xff,  0xdf, 0xff,  0xff, 0xff,  0xff, 0xff,  0xff, 0xff,  0xff, 0xff,  0xff, 0xf7,
  0x9f, 0xcf,  0xb7, 0x3c,  0x58, 0x0c,  0x9a, 0x04,  0x9b, 0x04,  0x9b, 0x04,  0x9b, 0x04,  0x9b, 0x04,  0x9b, 0x04,  0x9b, 0x04,  0x9b, 0x04,  0x9b, 0x04,
  0x5a, 0x04,  0x97, 0x34,  0xff, 0xe7,  0x1b, 0x9e,  0x2f, 0x02,  0x50, 0x0a,  0x51, 0x02,  0x73, 0x02,  0x72, 0x02,  0x72, 0x02,  0x52, 0x02,  0x52, 0x02,
  0x52, 0x02,  0x52, 0x02,  0x72, 0x02,  0x93, 0x0a,  0xf0, 0x01,  0xf7, 0x74,  0x9f, 0xdf,  0xd0, 0x3a,  0xbd, 0xbe,  0xff, 0xff,  0xdf, 0xff,  0xff, 0xff,
  0xde, 0xf7,  0xff, 0xf7,  0x74, 0x7c,  0x94, 0x74,  0xbf, 0xd7,  0xd0, 0x22,  0x31, 0x02,  0x72, 0x02,  0x52, 0x02,  0x52, 0x02,  0x52, 0x02,  0x52, 0x02,
  0x52, 0x02,  0x72, 0x02,  0x71, 0x02,  0x72, 0x02,  0x73, 0x02,  0x31, 0x0a,  0xd0, 0x2a,  0x9f, 0xcf,  0x1e, 0xa7,  0x37, 0x1c,  0x7a, 0x0c,  0xbc, 0x04,
  0xbc, 0x04,  0x9a, 0x04,  0x9b, 0x04,  0x57, 0x0c,  0x9c, 0x96,  0xff, 0xf7,  0xfd, 0xff,  0xff, 0xff,  0xdf, 0xff,  0xff, 0xff,  0xff, 0xff,  0xff, 0xff,
  0xff, 0xff,  0xff, 0xff,  0xff, 0xff,  0xff, 0xff,  0xff, 0xff,  0xff, 0xff,  0xdf, 0xf7,  0xdf, 0xff,  0xdf, 0xff,  0xdf, 0xff,  0xff, 0xf7,  0xff, 0xf7,
  0xdf, 0xf7,  0xbf, 0xff,  0xdf, 0xff,  0xde, 0xff,  0xdf, 0xff,  0xdf, 0xff,  0xff, 0xf7,  0xff, 0xf7,  0xff, 0xff,  0xff, 0xff,  0xde, 0xae,  0xba, 0x34,
  0x5a, 0x04,  0x7a, 0x04,  0x7a, 0x04,  0x9b, 0x04,  0x9b, 0x04,  0x9a, 0x04,  0x7a, 0x04,  0x9b, 0x04,  0x7b, 0x0c,  0x17, 0x1c,  0xbd, 0x9e,  0xfe, 0xef,
  0xdd, 0xf7,  0xff, 0xf7,  0xff, 0xff,  0xde, 0xff,  0xdd, 0xff,  0xff, 0xff,  0xff, 0xf7,  0xff, 0xff,  0xff, 0xff,  0xfe, 0xff,  0xff, 0xff,  0xff, 0xe7,
  0xba, 0x65,  0x58, 0x0c,  0x9a, 0x04,  0x9a, 0x04,  0x9b, 0x04,  0x9b, 0x04,  0x9a, 0x04,  0x9b, 0x04,  0x9b, 0x04,  0x9b, 0x04,  0x9b, 0x04,  0x9b, 0x04,
  0x38, 0x0c,  0xba, 0x75,  0xff, 0xf7,  0x56, 0x5c,  0x11, 0x02,  0x50, 0x12,  0x51, 0x0a,  0x94, 0x02,  0x72, 0x02,  0x72, 0x02,  0x52, 0x02,  0x52, 0x02,
  0x52, 0x02,  0x52, 0x02,  0x51, 0x02,  0x72, 0x02,  0x10, 0x02,  0x5b, 0xa6,  0x9b, 0xbe,  0xf0, 0x3a,  0xbf, 0xe7,  0xff, 0xff,  0xdf, 0xff,  0xff, 0xff,
  0xde, 0xf7,  0xff, 0xff,  0xb8, 0xa5,  0x70, 0x4b,  0xff, 0xe7,  0xd3, 0x53,  0xf0, 0x01,  0x73, 0x02,  0x52, 0x02,  0x52, 0x02,  0x52, 0x02,  0x52, 0x02,
  0x52, 0x02,  0x72, 0x02,  0x71, 0x02,  0x53, 0x02,  0x53, 0x02,  0x72, 0x0a,  0x0f, 0x0a,  0xfa, 0x95,  0xff, 0xd7,  0xb7, 0x44,  0x58, 0x14,  0xbb, 0x04,
  0xbc, 0x04,  0x9b, 0x04,  0xbb, 0x04,  0x58, 0x04,  0xda, 0x65,  0xff, 0xef,  0xde, 0xf7,  0xff, 0xff,  0xdf, 0xff,  0xff, 0xff,  0xff, 0xff,  0xff, 0xff,
  0xff, 0xff,  0xff, 0xff,  0xff, 0xff,  0xff, 0xff,  0xff, 0xff,  0xff, 0xf7,  0xff, 0xf7,  0xff, 0xff,  0xff, 0xff,  0xfe, 0xff,  0xff, 0xff,  0xff, 0xf7,
  0xff, 0xff,  0xdf, 0xff,  0xdf, 0xff,  0xde, 0xff,  0xbe, 0xff,  0xde, 0xf7,  0xde, 0xf7,  0xff, 0xef,  0xdf, 0xdf,  0x1b, 0x86,  0x59, 0x24,  0x7c, 0x04,
  0x9c, 0x04,  0x7a, 0x0c,  0x7a, 0x04,  0x9b, 0x04,  0x9b, 0x04,  0x9b, 0x04,  0xbc, 0x04,  0x9b, 0x0c,  0x39, 0x0c,  0x1c, 0x86,  0xff, 0xef,  0xfd, 0xff,
  0xfd, 0xff,  0xff, 0xf7,  0xff, 0xf7,  0xfe, 0xff,  0xfd, 0xff,  0xfe, 0xf7,  0xff, 0xf7,  0xfe, 0xff,  0xbd, 0xff,  0xde, 0xff,  0xff, 0xf7,  0x9c, 0x9e,
  0x37, 0x1c,  0x9b, 0x04,  0xbb, 0x04,  0x9a, 0x04,  0x9b, 0x04,  0x9b, 0x04,  0x9a, 0x04,  0x9b, 0x04,  0x9b, 0x04,  0x9b, 0x04,  0x7a, 0x04,  0x9a, 0x0c,
  0x37, 0x1c,  0x3e, 0xb7,  0x9e, 0xdf,  0xb1, 0x22,  0x53, 0x02,  0x51, 0x0a,  0x51, 0x0a,  0x73, 0x02,  0x72, 0x02,  0x72, 0x02,  0x52, 0x02,  0x52, 0x02,
  0x72, 0x02,  0x52, 0x02,  0x71, 0x02,  0x51, 0x02,  0x91, 0x1a,  0x9f, 0xdf,  0x16, 0x85,  0xd3, 0x5b,  0xff, 0xff,  0xfe, 0xff,  0xff, 0xff,  0xff, 0xff,
  0xff, 0xf7,  0xff, 0xff,  0x1d, 0xd7,  0xee, 0x3a,  0x5e, 0xcf,  0x99, 0x95,  0xcf, 0x01,  0x73, 0x02,  0x52, 0x02,  0x52, 0x02,  0x52, 0x02,  0x52, 0x02,
  0x52, 0x02,  0x72, 0x02,  0x52, 0x02,  0x53, 0x02,  0x72, 0x02,  0x91, 0x02,  0x10, 0x02,  0xd4, 0x53,  0xff, 0xe7,  0x3b, 0x8e,  0xf5, 0x13,  0xbb, 0x04,
  0x9c, 0x04,  0x9c, 0x04,  0x9b, 0x04,  0x9a, 0x04,  0xd8, 0x34,  0x9f, 0xcf,  0xff, 0xf7,  0xff, 0xf7,  0xdf, 0xff,  0xff, 0xff,  0xff, 0xff,  0xff, 0xff,
  0xff, 0xff,  0xff, 0xff,  0xff, 0xff,  0xff, 0xff,  0xff, 0xff,  0xff, 0xff,  0xfe, 0xff,  0xfe, 0xff,  0xfe, 0xff,  0xfe, 0xff,  0xfe, 0xff,  0xfd, 0xff,
  0xfe, 0xff,  0xde, 0xff,  0xde, 0xff,  0xbd, 0xff,  0xde, 0xf7,  0xff, 0xf7,  0xff, 0xef,  0xfd, 0xa6,  0xf8, 0x44,  0x38, 0x0c,  0x9b, 0x04,  0x9c, 0x04,
  0x9b, 0x04,  0x7a, 0x04,  0x9b, 0x04,  0x9b, 0x04,  0x9b, 0x04,  0x9c, 0x04,  0x9b, 0x0c,  0x17, 0x14,  0xdb, 0x75,  0xff, 0xe7,  0xde, 0xf7,  0xfe, 0xff,
  0xff, 0xff,  0xff, 0xff,  0xff, 0xff,  0xfe, 0xff,  0xfe, 0xff,  0xff, 0xf7,  0xff, 0xf7,  0xde, 0xff,  0xbe, 0xff,  0xff, 0xef,  0x7f, 0xb7,  0x98, 0x2c,
  0x59, 0x14,  0x9b, 0x04,  0x9b, 0x04,  0x9b, 0x04,  0x9b, 0x04,  0x9b, 0x04,  0x9a, 0x04,  0x9b, 0x04,  0x9b, 0x04,  0x9b, 0x04,  0x9a, 0x0c,  0x38, 0x0c,
  0x19, 0x45,  0xff, 0xe7,  0xb9, 0x95,  0xef, 0x01,  0x74, 0x02,  0x53, 0x02,  0x52, 0x02,  0x72, 0x02,  0x72, 0x02,  0x72, 0x02,  0x52, 0x02,  0x52, 0x02,
  0x72, 0x02,  0x52, 0x02,  0x51, 0x02,  0x30, 0x02,  0xb3, 0x43,  0xff, 0xf7,  0x70, 0x4b,  0x98, 0x8d,  0xff, 0xff,  0xdf, 0xff,  0xff, 0xff,  0xff, 0xff,
  0xde, 0xf7,  0xbe, 0xff,  0xff, 0xf7,  0x91, 0x53,  0x77, 0x95,  0x5e, 0xcf,  0x50, 0x12,  0x52, 0x02,  0x72, 0x02,  0x52, 0x02,  0x72, 0x02,  0x52, 0x02,
  0x52, 0x02,  0x52, 0x02,  0x52, 0x02,  0x33, 0x02,  0x72, 0x02,  0x91, 0x02,  0x52, 0x02,  0x30, 0x1a,  0xdd, 0xbe,  0xbf, 0xd7,  0x76, 0x2c,  0x7a, 0x04,
  0x9c, 0x04,  0x9c, 0x0c,  0x9b, 0x04,  0xba, 0x04,  0x37, 0x14,  0x5b, 0x96,  0xff, 0xf7,  0xdf, 0xf7,  0xdf, 0xff,  0xff, 0xff,  0xff, 0xff,  0xff, 0xff,
  0xff, 0xff,  0xff, 0xff,  0xff, 0xff,  0xff, 0xff,  0xff, 0xff,  0xdf, 0xff,  0xdf, 0xff,  0xff, 0xff,  0xff, 0xf7,  0xff, 0xf7,  0xff, 0xff,  0xff, 0xff,
  0xfe, 0xff,  0xfe, 0xff,  0xff, 0xff,  0xff, 0xf7,  0xff, 0xe7,  0x7f, 0xbf,  0x79, 0x6d,  0x36, 0x24,  0x59, 0x04,  0xbc, 0x04,  0xbb, 0x04,  0x7a, 0x0c,
  0x9a, 0x0c,  0x9b, 0x04,  0x9c, 0x04,  0x7b, 0x04,  0x9b, 0x04,  0x9b, 0x0c,  0x17, 0x14,  0xba, 0x75,  0xff, 0xef,  0xfd, 0xff,  0xfe, 0xf7,  0xff, 0xf7,
  0xff, 0xff,  0xdf, 0xff,  0xdf, 0xff,  0xdf, 0xff,  0xbf, 0xff,  0xdf, 0xff,  0xff, 0xff,  0xff, 0xff,  0xff, 0xf7,  0xbf, 0xcf,  0xf8, 0x44,  0x59, 0x0c,
  0x7a, 0x0c,  0x7a, 0x0c,  0x9b, 0x04,  0x9b, 0x04,  0x9b, 0x04,  0x9a, 0x04,  0x9a, 0x04,  0x9b, 0x04,  0x9c, 0x04,  0x9b, 0x04,  0x99, 0x0c,  0x37, 0x14,
  0xde, 0x96,  0xff, 0xe7,  0x52, 0x3b,  0x11, 0x0a,  0x74, 0x02,  0x74, 0x02,  0x72, 0x02,  0x52, 0x02,  0x73, 0x02,  0x72, 0x02,  0x52, 0x02,  0x52, 0x02,
  0x72, 0x02,  0x52, 0x02,  0x52, 0x02,  0x30, 0x02,  0x98, 0x85,  0x3e, 0xdf,  0xaf, 0x32,  0x3d, 0xc7,  0xfe, 0xff,  0xdf, 0xff,  0xff, 0xff,  0xff, 0xff,
  0xde, 0xf7,  0xdf, 0xf7,  0xff, 0xff,  0x37, 0x95,  0x93, 0x53,  0xff, 0xe7,  0x92, 0x4b,  0x10, 0x02,  0x92, 0x02,  0x72, 0x02,  0x72, 0x02,  0x51, 0x02,
  0x52, 0x02,  0x52, 0x02,  0x52, 0x02,  0x53, 0x02,  0x52, 0x02,  0x72, 0x02,  0x72, 0x0a,  0x10, 0x02,  0x56, 0x5c,  0xff, 0xef,  0x1a, 0x7e,  0x37, 0x0c,
  0x7c, 0x04,  0x7b, 0x0c,  0x9a, 0x0c,  0xba, 0x04,  0x59, 0x0c,  0xb7, 0x3c,  0x5f, 0xc7,  0xff, 0xf7,  0xde, 0xff,  0xde, 0xf7,  0xde, 0xf7,  0xff, 0xff,
  0xff, 0xff,  0xff, 0xff,  0xff, 0xff,  0xff, 0xff,  0xff, 0xf7,  0xff, 0xff,  0xdf, 0xff,  0xff, 0xff,  0xfe, 0xff,  0xfe, 0xf7,  0xde, 0xf7,  0xdf, 0xff,
  0xde, 0xff,  0xff, 0xff,  0xff, 0xef,  0x7e, 0xc7,  0xfa, 0x75,  0x77, 0x24,  0x58, 0x0c,  0x9a, 0x04,  0x9b, 0x04,  0x7b, 0x04,  0x7b, 0x04,  0x9b, 0x04,
  0xbb, 0x04,  0x9b, 0x04,  0x7b, 0x04,  0x9c, 0x04,  0x7a, 0x0c,  0x17, 0x14,  0xba, 0x75,  0xff, 0xe7,  0xde, 0xff,  0xde, 0xff,  0xff, 0xff,  0xff, 0xf7,
  0xdf, 0xff,  0xdf, 0xff,  0xdf, 0xff,  0xff, 0xff,  0xdf, 0xf7,  0xdf, 0xf7,  0xde, 0xef,  0xdb, 0xc6,  0x9f, 0xc7,  0x59, 0x55,  0x18, 0x14,  0x9b, 0x04,
  0x9b, 0x04,  0x9b, 0x04,  0x9b, 0x04,  0x9b, 0x04,  0x9b, 0x04,  0x9a, 0x04,  0x99, 0x04,  0x7b, 0x04,  0x7c, 0x0c,  0x9b, 0x04,  0x79, 0x04,  0xf8, 0x44,
  0xff, 0xdf,  0x3a, 0xa6,  0xef, 0x11,  0x53, 0x0a,  0x52, 0x02,  0x71, 0x02,  0x72, 0x02,  0x73, 0x02,  0x73, 0x02,  0x52, 0x02,  0x52, 0x02,  0x52, 0x02,
  0x52, 0x02,  0x52, 0x02,  0x52, 0x02,  0x70, 0x1a,  0x5d, 0xcf,  0x78, 0x95,  0x73, 0x4b,  0xff, 0xff,  0xdd, 0xff,  0xff, 0xff,  0xff, 0xff,  0xff, 0xff,
  0xfe, 0xf7,  0xde, 0xff,  0xff, 0xff,  0x1d, 0xd7,  0xae, 0x3a,  0x5e, 0xcf,  0xb9, 0x8d,  0xef, 0x01,  0x72, 0x02,  0x72, 0x02,  0x72, 0x02,  0x51, 0x02,
  0x52, 0x02,  0x72, 0x02,  0x52, 0x02,  0x52, 0x02,  0x72, 0x02,  0x72, 0x02,  0x72, 0x02,  0x51, 0x02,  0x71, 0x12,  0xfe, 0xbe,  0xbf, 0xd7,  0xb7, 0x2c,
  0x7b, 0x04,  0x9b, 0x0c,  0x9a, 0x0c,  0xbc, 0x04,  0xbb, 0x04,  0x58, 0x14,  0xd8, 0x44,  0x3e, 0xb7,  0xff, 0xef,  0xff, 0xf7,  0xdf, 0xf7,  0xff, 0xf7,
  0xff, 0xf7,  0xff, 0xff,  0xff, 0xff,  0xff, 0xf7,  0xff, 0xf7,  0xff, 0xf7,  0xff, 0xf7,  0xfe, 0xff,  0xfe, 0xff,  0xfe, 0xff,  0xfe, 0xff,  0xfe, 0xff,
  0xff, 0xdf,  0x1e, 0xa7,  0xba, 0x6d,  0x97, 0x34,  0x16, 0x14,  0x79, 0x0c,  0xbb, 0x04,  0xba, 0x04,  0xba, 0x04,  0x9a, 0x04,  0x7b, 0x04,  0x9b, 0x04,
  0x9b, 0x04,  0x7b, 0x0c,  0x9b, 0x04,  0x7a, 0x0c,  0x16, 0x14,  0xfa, 0x6d,  0xff, 0xd7,  0xff, 0xef,  0xde, 0xff,  0xdf, 0xff,  0xff, 0xff,  0xff, 0xf7,
  0xdf, 0xff,  0xdf, 0xff,  0xdf, 0xff,  0xff, 0xf7,  0xff, 0xf7,  0xdf, 0xe7,  0xd8, 0x95,  0x5b, 0x8e,  0x7a, 0x5d,  0x18, 0x14,  0x9b, 0x0c,  0x9b, 0x04,
  0x9b, 0x04,  0x9b, 0x04,  0x9b, 0x04,  0x9b, 0x04,  0x9b, 0x04,  0x9a, 0x04,  0xba, 0x04,  0x7b, 0x04,  0x7c, 0x04,  0x9b, 0x04,  0x57, 0x14,  0x9c, 0x96,
  0xff, 0xe7,  0x92, 0x43,  0xf0, 0x09,  0x53, 0x02,  0x52, 0x02,  0x71, 0x02,  0x72, 0x02,  0x72, 0x02,  0x72, 0x02,  0x72, 0x02,  0x52, 0x02,  0x52, 0x02,
  0x52, 0x02,  0x72, 0x02,  0x10, 0x02,  0xd4, 0x4b,  0xff, 0xef,  0x71, 0x53,  0x78, 0x95,  0xff, 0xff,  0xde, 0xff,  0xff, 0xff,  0xff, 0xff,  0xff, 0xff,
  0xfe, 0xf7,  0xfe, 0xff,  0xff, 0xff,  0xff, 0xf7,  0xb0, 0x5b,  0x36, 0x85,  0x9f, 0xd7,  0x91, 0x1a,  0x31, 0x0a,  0x73, 0x02,  0x52, 0x02,  0x52, 0x02,
  0x72, 0x02,  0x72, 0x02,  0x52, 0x02,  0x72, 0x02,  0x73, 0x02,  0x72, 0x02,  0x72, 0x02,  0x72, 0x0a,  0x10, 0x02,  0x15, 0x5c,  0xff, 0xf7,  0x7b, 0x86,
  0x58, 0x0c,  0x9b, 0x0c,  0x9b, 0x04,  0x9c, 0x04,  0xbc, 0x04,  0xbb, 0x04,  0x59, 0x0c,  0x98, 0x2c,  0x3c, 0x86,  0xbf, 0xcf,  0xff, 0xf7,  0xff, 0xff,
  0xff, 0xff,  0xff, 0xff,  0xfe, 0xff,  0xfe, 0xff,  0xfe, 0xff,  0xfe, 0xff,  0xfe, 0xff,  0xff, 0xff,  0xff, 0xf7,  0xff, 0xe7,  0x5f, 0xb7,  0x7c, 0x86,
  0x5a, 0x4d,  0x78, 0x1c,  0x58, 0x0c,  0x7a, 0x04,  0x9b, 0x04,  0xbb, 0x04,  0x9a, 0x04,  0xbb, 0x04,  0xba, 0x04,  0x9a, 0x04,  0x9a, 0x04,  0x9b, 0x04,
  0x9b, 0x04,  0x9c, 0x04,  0x59, 0x0c,  0x16, 0x14,  0x1b, 0x7e,  0xff, 0xdf,  0xff, 0xef,  0xdf, 0xf7,  0xdf, 0xff,  0xdf, 0xff,  0xdf, 0xff,  0xff, 0xff,
  0xdf, 0xff,  0xdf, 0xff,  0xdf, 0xff,  0xff, 0xf7,  0xdf, 0xdf,  0x78, 0x75,  0xba, 0x65,  0x7b, 0x45,  0x38, 0x0c,  0xbb, 0x0c,  0x9c, 0x04,  0x9b, 0x04,
  0x9b, 0x04,  0x9b, 0x04,  0x9b, 0x04,  0x9b, 0x04,  0x9b, 0x04,  0x9b, 0x04,  0xbb, 0x04,  0x7a, 0x0c,  0x7c, 0x04,  0x5a, 0x0c,  0x18, 0x55,  0xff, 0xe7,
  0xfa, 0x9d,  0x2f, 0x0a,  0x72, 0x0a,  0x73, 0x02,  0x52, 0x02,  0x72, 0x02,  0x72, 0x02,  0x72, 0x02,  0x52, 0x02,  0x72, 0x02,  0x73, 0x02,  0x72, 0x02,
  0x72, 0x02,  0x73, 0x02,  0x0f, 0x02,  0xfa, 0x9d,  0xfe, 0xce,  0xaf, 0x3a,  0x3c, 0xdf,  0xfe, 0xff,  0xdf, 0xff,  0xff, 0xff,  0xff, 0xff,  0xff, 0xff,
  0xfe, 0xf7,  0xfd, 0xff,  0xdf, 0xff,  0xff, 0xff,  0xf7, 0xa5,  0x0e, 0x43,  0xff, 0xe7,  0x56, 0x64,  0xef, 0x09,  0x73, 0x0a,  0x53, 0x02,  0x52, 0x02,
  0x72, 0x02,  0x72, 0x02,  0x72, 0x02,  0x72, 0x02,  0x73, 0x02,  0x72, 0x02,  0x72, 0x02,  0x72, 0x02,  0x51, 0x0a,  0x30, 0x12,  0x9c, 0xae,  0xff, 0xdf,
  0xf7, 0x4c,  0x5a, 0x04,  0x9c, 0x04,  0x7a, 0x0c,  0x9b, 0x04,  0x9b, 0x04,  0xdc, 0x04,  0x9a, 0x04,  0x38, 0x14,  0xd8, 0x3c,  0xda, 0x7d,  0xfd, 0xb6,
  0x7f, 0xcf,  0xdf, 0xdf,  0xdf, 0xdf,  0xff, 0xe7,  0xdf, 0xdf,  0xbf, 0xcf,  0x3e, 0xb7,  0xbc, 0xa6,  0xdb, 0x7d,  0x19, 0x4d,  0x99, 0x24,  0x59, 0x04,
  0x59, 0x04,  0x7a, 0x04,  0x9b, 0x04,  0xbc, 0x04,  0x9c, 0x04,  0x7b, 0x04,  0x7a, 0x04,  0x9b, 0x04,  0x9b, 0x04,  0x7b, 0x04,  0x9b, 0x04,  0xbb, 0x04,
  0xdb, 0x04,  0x9a, 0x04,  0x16, 0x24,  0x3c, 0x86,  0xff, 0xe7,  0xde, 0xf7,  0xbd, 0xff,  0xbe, 0xff,  0xdf, 0xff,  0x9e, 0xff,  0xbe, 0xff,  0xde, 0xff,
  0xbd, 0xff,  0xbe, 0xff,  0xff, 0xf7,  0x9e, 0xd7,  0x18, 0x55,  0x57, 0x24,  0x3b, 0x2d,  0x79, 0x04,  0x9a, 0x0c,  0x9b, 0x04,  0x9b, 0x04,  0x9b, 0x04,
  0x9b, 0x04,  0x9b, 0x04,  0x9b, 0x04,  0x9b, 0x04,  0x9b, 0x04,  0x9b, 0x04,  0xbc, 0x04,  0x7a, 0x0c,  0x7a, 0x0c,  0x58, 0x1c,  0x3e, 0xb7,  0xbf, 0xe7,
  0x31, 0x3b,  0x10, 0x02,  0x72, 0x02,  0x73, 0x02,  0x52, 0x02,  0x52, 0x02,  0x52, 0x02,  0x72, 0x02,  0x52, 0x02,  0x72, 0x02,  0x73, 0x02,  0x73, 0x02,
  0x72, 0x02,  0x51, 0x02,  0xd0, 0x22,  0xdf, 0xdf,  0x96, 0x7c,  0xd3, 0x6b,  0xfe, 0xff,  0xfe, 0xf7,  0xdf, 0xff,  0xdf, 0xff,  0xff, 0xff,  0xff, 0xff,
  0xfe, 0xf7,  0xfe, 0xff,  0xbf, 0xff,  0xff, 0xff,  0xbe, 0xe7,  0xce, 0x42,  0x5b, 0xae,  0xdd, 0xbe,  0x2e, 0x12,  0x51, 0x0a,  0x53, 0x02,  0x72, 0x02,
  0x72, 0x02,  0x72, 0x02,  0x72, 0x02,  0x72, 0x02,  0x73, 0x02,  0x53, 0x02,  0x52, 0x02,  0x52, 0x02,  0x51, 0x0a,  0x10, 0x02,  0x74, 0x33,  0xdf, 0xe7,
  0xfc, 0xb6,  0x78, 0x1c,  0x9b, 0x04,  0x79, 0x14,  0x7a, 0x0c,  0x7a, 0x04,  0x9b, 0x04,  0xbc, 0x04,  0x9b, 0x04,  0x59, 0x0c,  0x18, 0x0c,  0x37, 0x14,
  0x78, 0x24,  0xb9, 0x34,  0xd9, 0x34,  0xd9, 0x3c,  0xb8, 0x34,  0x99, 0x24,  0x59, 0x14,  0x38, 0x14,  0x39, 0x14,  0x39, 0x0c,  0x7a, 0x0c,  0x9b, 0x0c,
  0x9b, 0x04,  0x7b, 0x04,  0x7b, 0x04,  0x9b, 0x04,  0x7b, 0x04,  0x7a, 0x04,  0x7a, 0x0c,  0x7b, 0x04,  0x7c, 0x04,  0x7c, 0x04,  0x9b, 0x04,  0xba, 0x0c,
  0x57, 0x0c,  0x77, 0x24,  0x9c, 0x9e,  0xff, 0xe7,  0xdf, 0xef,  0xdf, 0xff,  0xde, 0xff,  0xdf, 0xf7,  0xdf, 0xf7,  0xff, 0xf7,  0xbe, 0xe7,  0xff, 0xef,
  0xff, 0xef,  0xff, 0xe7,  0x3e, 0xb7,  0xb7, 0x4c,  0x18, 0x0c,  0x7a, 0x04,  0x9b, 0x04,  0xbb, 0x04,  0x9b, 0x04,  0x9a, 0x0c,  0x9a, 0x04,  0x9b, 0x04,
  0x9b, 0x04,  0x9b, 0x04,  0x9b, 0x04,  0x9b, 0x04,  0x9b, 0x04,  0x9b, 0x04,  0x7b, 0x04,  0x9a, 0x0c,  0x16, 0x14,  0xda, 0x75,  0xff, 0xef,  0xf7, 0x7c,
  0xee, 0x09,  0x52, 0x02,  0x72, 0x02,  0x72, 0x02,  0x52, 0x02,  0x52, 0x02,  0x52, 0x02,  0x72, 0x02,  0x52, 0x02,  0x73, 0x02,  0x73, 0x02,  0x52, 0x02,
  0x51, 0x0a,  0xef, 0x01,  0xf7, 0x74,  0xdf, 0xdf,  0xef, 0x3a,  0x3a, 0xb6,  0xff, 0xff,  0xfe, 0xf7,  0xff, 0xff,  0xdf, 0xff,  0xff, 0xff,  0xff, 0xff,
  0xff, 0xff,  0xdf, 0xff,  0xbf, 0xff,  0xde, 0xf7,  0xff, 0xf7,  0x16, 0x8d,  0x72, 0x5b,  0xff, 0xef,  0xd3, 0x4b,  0x0f, 0x02,  0x73, 0x02,  0x53, 0x02,
  0x72, 0x02,  0x72, 0x02,  0x52, 0x02,  0x52, 0x02,  0x53, 0x02,  0x53, 0x02,  0x33, 0x02,  0x32, 0x02,  0x52, 0x02,  0x92, 0x0a,  0x10, 0x02,  0x17, 0x85,
  0xff, 0xf7,  0x1b, 0x76,  0x37, 0x0c,  0x9b, 0x0c,  0x9b, 0x04,  0x7b, 0x04,  0x7a, 0x04,  0x7b, 0x04,  0x9b, 0x04,  0x9b, 0x04,  0xbb, 0x04,  0xbb, 0x04,
  0x9b, 0x04,  0x7a, 0x04,  0x7a, 0x04,  0x5a, 0x04,  0x5a, 0x04,  0x7b, 0x04,  0x9b, 0x04,  0xbb, 0x04,  0xbb, 0x04,  0xbb, 0x04,  0x9b, 0x04,  0x9b, 0x04,
  0x9c, 0x04,  0x7b, 0x04,  0x7b, 0x04,  0x7a, 0x04,  0x7a, 0x04,  0x9b, 0x04,  0xbb, 0x04,  0x9b, 0x04,  0x7b, 0x04,  0x9c, 0x04,  0x9b, 0x04,  0x37, 0x0c,
  0xd7, 0x4c,  0x1d, 0xbf,  0xff, 0xf7,  0xff, 0xf7,  0xff, 0xf7,  0x1d, 0xd7,  0x1d, 0xcf,  0xff, 0xef,  0xff, 0xe7,  0x9b, 0xa6,  0x5b, 0x96,  0x3e, 0xaf,
  0xbc, 0x9e,  0x9d, 0x86,  0x98, 0x2c,  0x38, 0x0c,  0x9b, 0x0c,  0x9b, 0x04,  0xdc, 0x04,  0x9b, 0x04,  0x9a, 0x04,  0x9a, 0x04,  0x9b, 0x04,  0x9b, 0x04,
  0x9b, 0x04,  0x9b, 0x04,  0x9b, 0x04,  0x9b, 0x04,  0x9b, 0x04,  0x7b, 0x04,  0x7b, 0x0c,  0x5a, 0x04,  0xf8, 0x44,  0xff, 0xdf,  0xbc, 0xb6,  0x70, 0x1a,
  0x32, 0x02,  0x52, 0x02,  0x71, 0x02,  0x71, 0x02,  0x52, 0x02,  0x52, 0x02,  0x52, 0x02,  0x72, 0x02,  0x72, 0x02,  0x73, 0x02,  0x73, 0x02,  0x52, 0x02,
  0x30, 0x0a,  0x70, 0x1a,  0x5f, 0xcf,  0x78, 0x8d,  0x90, 0x43,  0xdf, 0xf7,  0xdf, 0xff,  0xdf, 0xf7,  0xfe, 0xff,  0xff, 0xff,  0xff, 0xff,  0xff, 0xff,
  0xff, 0xff,  0xff, 0xff,  0xdf, 0xff,  0xde, 0xff,  0xff, 0xf7,  0x5e, 0xd7,  0xae, 0x42,  0xbc, 0xbe,  0x9c, 0xae,  0x30, 0x0a,  0x72, 0x02,  0x91, 0x02,
  0x72, 0x02,  0x52, 0x02,  0x52, 0x02,  0x52, 0x02,  0x52, 0x02,  0x52, 0x02,  0x52, 0x02,  0x52, 0x02,  0x52, 0x02,  0x52, 0x0a,  0x51, 0x02,  0x6f, 0x1a,
  0x7d, 0xbe,  0xff, 0xdf,  0x38, 0x4d,  0x79, 0x04,  0xbc, 0x04,  0x5b, 0x0c,  0x7b, 0x0c,  0x9a, 0x04,  0x9a, 0x04,  0x9b, 0x04,  0x9c, 0x04,  0x9b, 0x04,
  0x9b, 0x04,  0x9a, 0x04,  0x9b, 0x04,  0x9b, 0x04,  0x9b, 0x04,  0x9b, 0x04,  0x7a, 0x04,  0x9a, 0x04,  0x9a, 0x04,  0x9b, 0x04,  0x9b, 0x04,  0x9b, 0x04,
  0x9b, 0x04,  0x9b, 0x04,  0x9b, 0x04,  0x7a, 0x04,  0x9b, 0x04,  0x9b, 0x04,  0xbc, 0x04,  0x9b, 0x04,  0xbb, 0x04,  0x9a, 0x04,  0x18, 0x14,  0x7a, 0x65,
  0xbf, 0xcf,  0xff, 0xf7,  0xff, 0xef,  0xbf, 0xd7,  0xf8, 0x8d,  0x35, 0x7d,  0x9e, 0xd7,  0x9f, 0xc7,  0x99, 0x65,  0xd8, 0x3c,  0x3d, 0x5e,  0x97, 0x2c,
  0x37, 0x14,  0x58, 0x0c,  0x5a, 0x04,  0x9b, 0x04,  0x9b, 0x04,  0x9b, 0x04,  0x9b, 0x04,  0x9b, 0x04,  0x9a, 0x04,  0x9b, 0x04,  0x9b, 0x04,  0x9c, 0x04,
  0x7b, 0x04,  0x7a, 0x04,  0x7a, 0x04,  0x9b, 0x04,  0x9b, 0x04,  0x9b, 0x04,  0x5a, 0x0c,  0x79, 0x1c,  0x5e, 0xaf,  0xbe, 0xdf,  0x73, 0x3b,  0x31, 0x02,
  0x73, 0x02,  0x52, 0x02,  0x51, 0x02,  0x71, 0x02,  0x72, 0x02,  0x52, 0x02,  0x52, 0x02,  0x72, 0x02,  0x73, 0x02,  0x53, 0x02,  0x51, 0x02,  0x72, 0x02,
  0xf0, 0x01,  0x97, 0x6c,  0xff, 0xef,  0x50, 0x4b,  0xd8, 0x95,  0xff, 0xff,  0xdf, 0xff,  0xdf, 0xff,  0xfe, 0xff,  0xff, 0xff,  0xff, 0xff,  0xff, 0xff,
  0xff, 0xff,  0xff, 0xff,  0xff, 0xff,  0xff, 0xff,  0xdf, 0xf7,  0xff, 0xff,  0x94, 0x84,  0xd1, 0x5b,  0xff, 0xe7,  0xd5, 0x4b,  0x30, 0x02,  0xd1, 0x02,
  0x72, 0x02,  0x52, 0x0a,  0x52, 0x02,  0x72, 0x02,  0x72, 0x02,  0x72, 0x02,  0x52, 0x02,  0x72, 0x02,  0x52, 0x02,  0x32, 0x0a,  0x92, 0x02,  0x31, 0x02,
  0x32, 0x43,  0x7e, 0xdf,  0xbe, 0xc7,  0xd8, 0x34,  0x79, 0x04,  0x9b, 0x0c,  0x7b, 0x04,  0xba, 0x04,  0xba, 0x04,  0x7b, 0x04,  0x7b, 0x04,  0x9b, 0x04,
  0x9b, 0x04,  0x9b, 0x04,  0x9b, 0x04,  0x9b, 0x04,  0x9b, 0x04,  0x9b, 0x04,  0x9b, 0x04,  0x9b, 0x04,  0x9b, 0x04,  0x9b, 0x04,  0x9b, 0x04,  0x9b, 0x04,
  0x9b, 0x04,  0x9b, 0x04,  0x9b, 0x04,  0x9b, 0x04,  0x9b, 0x04,  0x7b, 0x04,  0x9b, 0x04,  0x9a, 0x04,  0x57, 0x04,  0x96, 0x24,  0x7b, 0x8e,  0xdf, 0xe7,
  0xff, 0xf7,  0xdf, 0xdf,  0x7b, 0x96,  0x54, 0x44,  0xf5, 0x64,  0xdf, 0xd7,  0xdd, 0xa6,  0xb7, 0x3c,  0x58, 0x04,  0xda, 0x1c,  0x79, 0x0c,  0x79, 0x04,
  0x9a, 0x04,  0x9b, 0x04,  0x9b, 0x04,  0x9a, 0x04,  0x9b, 0x04,  0x9b, 0x04,  0x9b, 0x04,  0x9b, 0x04,  0x9b, 0x04,  0x9b, 0x04,  0x9b, 0x04,  0x9b, 0x04,
  0x9b, 0x04,  0x7a, 0x04,  0x7b, 0x04,  0x9b, 0x04,  0x9b, 0x04,  0x7a, 0x04,  0x38, 0x1c,  0x9c, 0x96,  0xff, 0xef,  0xb6, 0x6c,  0x0f, 0x02,  0x72, 0x02,
  0x52, 0x02,  0x52, 0x02,  0x52, 0x02,  0x52, 0x02,  0x73, 0x02,  0x73, 0x02,  0x31, 0x02,  0x51, 0x02,  0x73, 0x02,  0x33, 0x02,  0x51, 0x02,  0x71, 0x02,
  0x50, 0x12,  0x5e, 0xcf,  0xf9, 0xa5,  0x2f, 0x4b,  0xbf, 0xe7,  0xff, 0xf7,  0xdf, 0xff,  0xdf, 0xff,  0xff, 0xff,  0xff, 0xff,  0xff, 0xff,  0xff, 0xff,
  0xff, 0xff,  0xff, 0xff,  0xff, 0xff,  0xff, 0xff,  0xdf, 0xf7,  0xff, 0xff,  0x3d, 0xd7,  0xae, 0x3a,  0x9c, 0xb6,  0xbc, 0xb6,  0x2e, 0x0a,  0x52, 0x02,
  0x72, 0x02,  0x71, 0x02,  0x72, 0x02,  0x72, 0x02,  0x72, 0x02,  0x51, 0x02,  0x72, 0x02,  0x51, 0x02,  0x51, 0x02,  0x51, 0x02,  0x74, 0x02,  0x93, 0x0a,
  0xed, 0x09,  0x13, 0x54,  0xff, 0xe7,  0x1e, 0xb7,  0x57, 0x2c,  0xb9, 0x04,  0xdc, 0x04,  0x9b, 0x04,  0x7a, 0x04,  0x79, 0x04,  0x9a, 0x04,  0x9b, 0x04,
  0x9b, 0x04,  0x9b, 0x04,  0x9b, 0x04,  0x9b, 0x04,  0x9b, 0x04,  0x9b, 0x04,  0x9b, 0x04,  0x9b, 0x04,  0x9b, 0x04,  0x9b, 0x04,  0x9b, 0x04,  0x9b, 0x04,
  0x9b, 0x04,  0x9b, 0x04,  0x9b, 0x04,  0x9b, 0x04,  0x9b, 0x04,  0x9b, 0x0c,  0x7b, 0x04,  0x77, 0x14,  0xb8, 0x4d,  0x9e, 0xaf,  0xff, 0xe7,  0xff, 0xe7,
  0xdd, 0xae,  0x19, 0x55,  0x13, 0x1c,  0x98, 0x6d,  0x9f, 0xc7,  0xba, 0x75,  0x37, 0x14,  0x79, 0x04,  0x9a, 0x0c,  0x7a, 0x0c,  0x9a, 0x0c,  0x9a, 0x04,
  0x9b, 0x04,  0x9b, 0x04,  0x9b, 0x04,  0x9b, 0x04,  0x9b, 0x04,  0x9b, 0x04,  0x9b, 0x04,  0x9b, 0x04,  0x9b, 0x04,  0x9b, 0x04,  0x9a, 0x04,  0x99, 0x04,
  0x9a, 0x04,  0xbb, 0x04,  0xbc, 0x04,  0x7c, 0x04,  0x7b, 0x0c,  0x17, 0x1c,  0xfb, 0x7d,  0xff, 0xef,  0x99, 0x95,  0x0f, 0x0a,  0x50, 0x0a,  0x52, 0x0a,
  0x52, 0x02,  0x51, 0x02,  0x10, 0x02,  0x51, 0x0a,  0x52, 0x02,  0x73, 0x02,  0x52, 0x02,  0x32, 0x02,  0x73, 0x02,  0x73, 0x02,  0x93, 0x0a,  0xee, 0x01,
  0xd5, 0x6c,  0xff, 0xe7,  0x0e, 0x43,  0xb7, 0x9d,  0xff, 0xff,  0xdf, 0xf7,  0xde, 0xff,  0xdf, 0xff,  0xff, 0xff,  0xff, 0xff,  0xff, 0xff,  0xff, 0xff,
  0xff, 0xff,  0xff, 0xff,  0xff, 0xff,  0xdf, 0xff,  0xdf, 0xff,  0xdf, 0xf7,  0xff, 0xff,  0xf6, 0x84,  0x52, 0x53,  0xff, 0xef,  0x55, 0x64,  0xd1, 0x09,
  0x73, 0x0a,  0x91, 0x02,  0x72, 0x02,  0x72, 0x02,  0x72, 0x02,  0x71, 0x02,  0x30, 0x02,  0x0f, 0x02,  0x76, 0x4c,  0xf8, 0x5c,  0xf2, 0x01,  0x53, 0x0a,
  0xb1, 0x0a,  0x0e, 0x02,  0xb7, 0x74,  0xff, 0xff,  0xbc, 0xae,  0x96, 0x14,  0xfa, 0x04,  0x7c, 0x0c,  0x3b, 0x0c,  0x9a, 0x04,  0xba, 0x04,  0x9b, 0x04,
  0x9b, 0x04,  0x9b, 0x04,  0x9b, 0x04,  0x9b, 0x04,  0x9b, 0x04,  0x9b, 0x04,  0x9b, 0x04,  0x9b, 0x04,  0x9b, 0x04,  0x9b, 0x04,  0x9b, 0x04,  0x9b, 0x04,
  0x9b, 0x04,  0x9b, 0x04,  0x9b, 0x04,  0x9b, 0x04,  0x9b, 0x04,  0x7b, 0x04,  0xdc, 0x14,  0x9c, 0x4d,  0xfb, 0x75,  0xbd, 0x9e,  0x3e, 0xaf,  0x38, 0x5d,
  0x57, 0x1c,  0x39, 0x04,  0x5b, 0x3d,  0x1f, 0x8f,  0xd8, 0x3c,  0x37, 0x04,  0xdc, 0x04,  0x9c, 0x04,  0x5a, 0x14,  0x7b, 0x0c,  0x7b, 0x04,  0x9b, 0x04,
  0x9b, 0x04,  0x9b, 0x04,  0x9b, 0x04,  0x9a, 0x04,  0x9b, 0x04,  0x9b, 0x04,  0x9b, 0x04,  0x9b, 0x04,  0x9b, 0x04,  0x9b, 0x04,  0x9b, 0x04,  0x9a, 0x04,
  0x9a, 0x04,  0x9b, 0x04,  0xbc, 0x04,  0x9c, 0x04,  0x17, 0x14,  0xba, 0x75,  0xff, 0xe7,  0x7b, 0xae,  0x4e, 0x22,  0x31, 0x0a,  0x72, 0x02,  0x72, 0x02,
  0x51, 0x0a,  0x50, 0x0a,  0x74, 0x33,  0x2f, 0x0a,  0x72, 0x02,  0x72, 0x02,  0x52, 0x02,  0x52, 0x02,  0x52, 0x02,  0xb2, 0x02,  0x52, 0x02,  0xb0, 0x2a,
  0xbf, 0xdf,  0x97, 0x8d,  0x2e, 0x43,  0xdf, 0xef,  0xdf, 0xf7,  0xde, 0xf7,  0xdf, 0xff,  0xff, 0xff,  0xff, 0xff,  0xff, 0xff,  0xff, 0xff,  0xff, 0xff,
  0xff, 0xff,  0xff, 0xff,  0xff, 0xff,  0xff, 0xff,  0xff, 0xff,  0xff, 0xff,  0xff, 0xff,  0x9f, 0xdf,  0xef, 0x42,  0x18, 0xa6,  0x7f, 0xcf,  0x71, 0x22,
  0x30, 0x02,  0x71, 0x02,  0x72, 0x02,  0x72, 0x02,  0x92, 0x02,  0x92, 0x0a,  0x33, 0x23,  0x94, 0x3b,  0x3b, 0x96,  0x98, 0x85,  0xaf, 0x09,  0x72, 0x12,
  0x92, 0x02,  0x72, 0x02,  0xef, 0x09,  0x57, 0x8d,  0xff, 0xf7,  0xbc, 0xa6,  0x76, 0x24,  0x79, 0x04,  0x7b, 0x04,  0x9c, 0x04,  0xbc, 0x04,  0x9b, 0x04,
  0x9b, 0x04,  0x9b, 0x04,  0x9b, 0x04,  0x9b, 0x04,  0x9b, 0x04,  0x9b, 0x04,  0x9b, 0x04,  0x9b, 0x04,  0x9b, 0x04,  0x9b, 0x04,  0x9b, 0x04,  0x9b, 0x04,
  0x9b, 0x04,  0x9b, 0x04,  0x9b, 0x04,  0x9b, 0x04,  0x7b, 0x04,  0x7b, 0x04,  0xdc, 0x14,  0x79, 0x1c,  0x18, 0x14,  0x59, 0x1c,  0x59, 0x14,  0x39, 0x04,
  0x9b, 0x0c,  0x7b, 0x0c,  0x9b, 0x14,  0x79, 0x0c,  0x78, 0x04,  0x9a, 0x04,  0x9c, 0x0c,  0x5b, 0x04,  0x7a, 0x0c,  0x9b, 0x04,  0x9c, 0x04,  0x9c, 0x04,
  0x9b, 0x04,  0x9b, 0x04,  0x9b, 0x04,  0x9a, 0x04,  0x9b, 0x04,  0x9b, 0x04,  0x9b, 0x04,  0x9b, 0x04,  0x9b, 0x04,  0x9b, 0x04,  0x9b, 0x04,  0xbd, 0x04,
  0x7b, 0x0c,  0x7a, 0x0c,  0x9a, 0x0c,  0x37, 0x0c,  0x99, 0x65,  0xff, 0xdf,  0xdc, 0xbe,  0xb0, 0x22,  0x2f, 0x0a,  0x51, 0x02,  0x94, 0x02,  0x93, 0x02,
  0x50, 0x0a,  0x53, 0x33,  0x16, 0x4c,  0xb0, 0x1a,  0x30, 0x02,  0x72, 0x02,  0x72, 0x02,  0x52, 0x02,  0x72, 0x0a,  0x91, 0x02,  0x0f, 0x02,  0xba, 0x95,
  0xbe, 0xe7,  0xab, 0x32,  0x3a, 0xae,  0xff, 0xff,  0xde, 0xf7,  0xff, 0xff,  0xff, 0xff,  0xff, 0xff,  0xff, 0xff,  0xff, 0xff,  0xff, 0xff,  0xff, 0xff,
  0xff, 0xff,  0xff, 0xff,  0xff, 0xff,  0xff, 0xff,  0xff, 0xff,  0xff, 0xff,  0xdf, 0xff,  0xff, 0xff,  0xd8, 0xa5,  0xce, 0x3a,  0xdf, 0xdf,  0xb9, 0x8d,
  0x0e, 0x02,  0x71, 0x02,  0x52, 0x02,  0x72, 0x02,  0x31, 0x02,  0x34, 0x1b,  0x98, 0x54,  0x8f, 0x1a,  0x1b, 0x96,  0x91, 0x4b,  0x15, 0x54,  0x75, 0x2b,
  0x32, 0x02,  0x72, 0x02,  0x71, 0x0a,  0x4e, 0x02,  0x98, 0x85,  0xff, 0xff,  0x9c, 0xb6,  0x76, 0x24,  0x79, 0x04,  0x7c, 0x04,  0x7b, 0x04,  0x9b, 0x04,
  0x9b, 0x04,  0x9b, 0x04,  0x9b, 0x04,  0x9b, 0x04,  0x9b, 0x04,  0x9b, 0x04,  0x9b, 0x04,  0x9b, 0x04,  0x9b, 0x04,  0x9b, 0x04,  0x9b, 0x04,  0x9b, 0x04,
  0x9b, 0x04,  0x9b, 0x04,  0x7b, 0x04,  0x9b, 0x04,  0x7b, 0x04,  0x5a, 0x04,  0x7b, 0x04,  0xbb, 0x04,  0xbb, 0x04,  0x9c, 0x04,  0x9c, 0x04,  0x9c, 0x04,
  0x5b, 0x0c,  0x3b, 0x14,  0x7a, 0x04,  0xbb, 0x04,  0x9b, 0x04,  0x5a, 0x0c,  0x1a, 0x14,  0x5a, 0x0c,  0xba, 0x04,  0x9b, 0x04,  0x9b, 0x04,  0x9b, 0x04,
  0x9b, 0x04,  0x9b, 0x04,  0x9b, 0x04,  0x9a, 0x04,  0x9b, 0x04,  0x9b, 0x04,  0x9b, 0x04,  0x9b, 0x04,  0x9b, 0x04,  0x9b, 0x04,  0x9b, 0x04,  0x9c, 0x04,
  0x9b, 0x04,  0x79, 0x0c,  0x15, 0x1c,  0xb9, 0x75,  0xff, 0xdf,  0xfd, 0xbe,  0xf1, 0x2a,  0x30, 0x02,  0x91, 0x02,  0x71, 0x02,  0x72, 0x02,  0x10, 0x02,
  0xf2, 0x22,  0xbc, 0x85,  0xdb, 0x8d,  0x3a, 0x75,  0x50, 0x0a,  0x71, 0x02,  0x72, 0x02,  0x52, 0x02,  0x72, 0x0a,  0xee, 0x09,  0xd3, 0x53,  0xff, 0xe7,
  0x32, 0x6c,  0xd1, 0x63,  0xff, 0xff,  0xde, 0xf7,  0xff, 0xff,  0xff, 0xff,  0xff, 0xff,  0xff, 0xff,  0xff, 0xff,  0xff, 0xff,  0xff, 0xff,  0xff, 0xff,
  0xff, 0xff,  0xff, 0xff,  0xff, 0xff,  0xff, 0xff,  0xff, 0xff,  0xdf, 0xff,  0xdf, 0xff,  0xde, 0xff,  0xff, 0xef,  0xb3, 0x5b,  0x74, 0x6c,  0xff, 0xe7,
  0xd3, 0x4b,  0x10, 0x02,  0x72, 0x02,  0x72, 0x02,  0x72, 0x02,  0x91, 0x0a,  0x4f, 0x0a,  0xd2, 0x43,  0xdf, 0xb6,  0xd5, 0x4b,  0x71, 0x33,  0x91, 0x12,
  0x73, 0x12,  0x31, 0x0a,  0x71, 0x0a,  0x71, 0x02,  0x2f, 0x0a,  0x78, 0x8d,  0xff, 0xf7,  0xfd, 0xb6,  0x98, 0x34,  0x39, 0x0c,  0x9b, 0x04,  0x9b, 0x04,
  0x9b, 0x04,  0x9b, 0x04,  0x9b, 0x04,  0x9b, 0x04,  0x9b, 0x04,  0x9b, 0x04,  0x9b, 0x04,  0x9b, 0x04,  0x9b, 0x04,  0x9b, 0x04,  0x9b, 0x04,  0x9b, 0x04,
  0x9b, 0x04,  0x9b, 0x04,  0x7a, 0x04,  0x7a, 0x0c,  0x9b, 0x0c,  0x9b, 0x0c,  0x7a, 0x0c,  0x5a, 0x04,  0xdc, 0x1c,  0x7a, 0x1c,  0x59, 0x14,  0xb9, 0x0c,
  0x9a, 0x0c,  0x7a, 0x0c,  0x79, 0x14,  0x9b, 0x14,  0x5b, 0x04,  0x79, 0x0c,  0x1a, 0x25,  0x7a, 0x14,  0x3c, 0x0c,  0x9b, 0x0c,  0x9a, 0x04,  0x9b, 0x04,
  0x9b, 0x04,  0x9b, 0x04,  0x9a, 0x04,  0x9a, 0x04,  0x9b, 0x04,  0x9b, 0x04,  0x9b, 0x04,  0x9b, 0x04,  0x9b, 0x04,  0x9b, 0x04,  0x9a, 0x04,  0x79, 0x0c,
  0xbb, 0x04,  0x79, 0x0c,  0xfa, 0x7d,  0xff, 0xf7,  0xbc, 0xc6,  0xd2, 0x2a,  0x31, 0x02,  0x72, 0x0a,  0x93, 0x02,  0x73, 0x02,  0xb1, 0x1a,  0xd2, 0x22,
  0x92, 0x1a,  0x70, 0x1a,  0xf0, 0x2a,  0xf8, 0x6c,  0xd5, 0x3b,  0x30, 0x02,  0x72, 0x02,  0x72, 0x02,  0x31, 0x02,  0x70, 0x2a,  0x1d, 0xc7,  0x7b, 0xae,
  0x8e, 0x32,  0x3e, 0xd7,  0xff, 0xff,  0xdf, 0xff,  0xdf, 0xff,  0xdf, 0xff,  0xff, 0xff,  0xff, 0xff,  0xff, 0xff,  0xff, 0xff,  0xff, 0xff,  0xff, 0xff,
  0xff, 0xff,  0xff, 0xff,  0xff, 0xff,  0xff, 0xff,  0xff, 0xff,  0xff, 0xff,  0xff, 0xff,  0xde, 0xff,  0xff, 0xff,  0xfd, 0xce,  0x6c, 0x32,  0x5a, 0xae,
  0x5e, 0xc7,  0xae, 0x22,  0x71, 0x02,  0x72, 0x0a,  0x52, 0x0a,  0x72, 0x02,  0x30, 0x02,  0x16, 0x4c,  0xb9, 0x6c,  0x51, 0x12,  0xcc, 0x09,  0xb2, 0x43,
  0x19, 0x65,  0x91, 0x0a,  0x52, 0x02,  0x52, 0x02,  0x71, 0x02,  0x2f, 0x0a,  0xf7, 0x7c,  0xff, 0xef,  0x7f, 0xc7,  0xd9, 0x44,  0x39, 0x04,  0xbc, 0x04,
  0xbc, 0x04,  0x7b, 0x04,  0x7a, 0x04,  0x7a, 0x04,  0x9a, 0x04,  0x9b, 0x04,  0x7b, 0x04,  0x9c, 0x04,  0x9c, 0x04,  0x9b, 0x04,  0x9b, 0x04,  0x9b, 0x04,
  0x9a, 0x04,  0x79, 0x04,  0x99, 0x14,  0x9e, 0x6e,  0x7d, 0x76,  0x59, 0x14,  0x58, 0x0c,  0x1b, 0x6e,  0xfc, 0x6d,  0xfc, 0x75,  0xf8, 0x44,  0x36, 0x14,
  0x7c, 0x76,  0x3e, 0x97,  0x9e, 0x7e,  0xbb, 0x1c,  0x99, 0x14,  0x3d, 0x5e,  0xf8, 0x44,  0xfc, 0x6d,  0xfd, 0x24,  0x7b, 0x04,  0x9b, 0x04,  0x7b, 0x04,
  0x9b, 0x04,  0x9a, 0x04,  0x9a, 0x04,  0x9a, 0x04,  0x9b, 0x04,  0x9b, 0x04,  0x9b, 0x04,  0x9b, 0x04,  0x9b, 0x04,  0x9a, 0x0c,  0x9a, 0x0c,  0x39, 0x0c,
  0x77, 0x24,  0x9c, 0x8e,  0xff, 0xf7,  0x3b, 0xb6,  0x91, 0x2a,  0x11, 0x02,  0x73, 0x0a,  0x71, 0x02,  0x32, 0x02,  0xf2, 0x01,  0xf6, 0x43,  0xde, 0xae,
  0x11, 0x2b,  0x90, 0x12,  0x4f, 0x12,  0xd5, 0x43,  0x34, 0x2b,  0x51, 0x02,  0x92, 0x02,  0x72, 0x0a,  0xee, 0x09,  0x98, 0x85,  0xdf, 0xdf,  0xce, 0x42,
  0x58, 0x9d,  0xff, 0xff,  0xde, 0xf7,  0xff, 0xff,  0xff, 0xff,  0xff, 0xff,  0xff, 0xff,  0xff, 0xff,  0xff, 0xff,  0xff, 0xff,  0xff, 0xff,  0xff, 0xff,
  0xff, 0xff,  0xff, 0xff,  0xff, 0xff,  0xff, 0xff,  0xff, 0xff,  0xff, 0xff,  0xff, 0xff,  0xfe, 0xff,  0xde, 0xf7,  0xff, 0xff,  0x98, 0x9d,  0x8c, 0x32,
  0xbf, 0xd7,  0x1a, 0x96,  0x4f, 0x0a,  0x51, 0x0a,  0x53, 0x02,  0x73, 0x02,  0x72, 0x02,  0x31, 0x0a,  0x30, 0x0a,  0x90, 0x12,  0x59, 0x7d,  0xbb, 0x8d,
  0x71, 0x12,  0x32, 0x02,  0x73, 0x0a,  0x53, 0x0a,  0x54, 0x0a,  0x72, 0x02,  0x0f, 0x02,  0x34, 0x5c,  0xbf, 0xdf,  0xff, 0xd7,  0x99, 0x6d,  0x17, 0x1c,
  0x79, 0x0c,  0xbc, 0x04,  0xbc, 0x04,  0xbb, 0x04,  0x9a, 0x04,  0x7a, 0x04,  0x7a, 0x04,  0x7a, 0x04,  0x9a, 0x04,  0x9b, 0x04,  0x9b, 0x04,  0x9b, 0x04,
  0xbc, 0x04,  0x9a, 0x04,  0x58, 0x0c,  0x7c, 0x76,  0xfe, 0x8e,  0x38, 0x0c,  0x99, 0x14,  0xdf, 0xaf,  0xf7, 0x54,  0x1a, 0x7e,  0xdd, 0x86,  0x56, 0x1c,
  0x1b, 0x6e,  0x3a, 0x7e,  0x17, 0x45,  0x36, 0x0c,  0x19, 0x3d,  0xbf, 0xb7,  0x95, 0x5c,  0xfa, 0x7d,  0x5b, 0x2d,  0x5a, 0x04,  0x9b, 0x04,  0x7a, 0x04,
  0x9a, 0x04,  0x9b, 0x04,  0x9b, 0x04,  0x9b, 0x04,  0x9b, 0x04,  0x9b, 0x04,  0x7a, 0x0c,  0x7a, 0x0c,  0x7a, 0x0c,  0x9b, 0x04,  0x39, 0x04,  0xd9, 0x3c,
  0x5e, 0xbf,  0xff, 0xf7,  0x99, 0x95,  0x50, 0x12,  0x31, 0x02,  0x72, 0x0a,  0x52, 0x0a,  0x72, 0x0a,  0x57, 0x4c,  0x51, 0x0a,  0x11, 0x0a,  0x56, 0x5c,
  0x7b, 0x96,  0xd7, 0x5c,  0xb1, 0x12,  0x11, 0x02,  0x32, 0x02,  0x52, 0x02,  0x92, 0x0a,  0xee, 0x01,  0x34, 0x5c,  0xff, 0xe7,  0x32, 0x64,  0x90, 0x5b,
  0xff, 0xf7,  0xde, 0xf7,  0xde, 0xff,  0xff, 0xff,  0xff, 0xff,  0xff, 0xff,  0xff, 0xff,  0xff, 0xff,  0xff, 0xff,  0xff, 0xff,  0xff, 0xff,  0xff, 0xff,
  0xff, 0xff,  0xff, 0xff,  0xff, 0xff,  0xff, 0xff,  0xff, 0xff,  0xff, 0xff,  0xff, 0xff,  0xfe, 0xff,  0xfe, 0xff,  0xff, 0xf7,  0xff, 0xf7,  0x12, 0x6c,
  0xd1, 0x53,  0xff, 0xef,  0x95, 0x74,  0x0f, 0x02,  0x74, 0x02,  0x73, 0x02,  0x51, 0x0a,  0x32, 0x02,  0x51, 0x0a,  0x59, 0x6d,  0x9a, 0x85,  0xce, 0x09,
  0xb3, 0x22,  0x76, 0x33,  0xf0, 0x01,  0x52, 0x0a,  0x52, 0x02,  0x92, 0x02,  0xb2, 0x02,  0xf0, 0x01,  0x12, 0x3b,  0xdd, 0xce,  0xff, 0xf7,  0xbc, 0xa6,
  0x97, 0x3c,  0x58, 0x0c,  0xdb, 0x04,  0xbb, 0x04,  0x9b, 0x04,  0x9a, 0x04,  0x9a, 0x04,  0x99, 0x04,  0x79, 0x04,  0x7a, 0x04,  0x9b, 0x04,  0x9c, 0x04,
  0xbd, 0x04,  0x9b, 0x04,  0x37, 0x0c,  0x3b, 0x6e,  0xdd, 0x8e,  0x58, 0x14,  0x79, 0x14,  0xbd, 0x86,  0xfa, 0x75,  0x9c, 0x8e,  0x1e, 0x8f,  0x77, 0x24,
  0x9a, 0x5d,  0x58, 0x5d,  0xfd, 0x96,  0xd7, 0x34,  0x34, 0x24,  0xdc, 0x96,  0xff, 0xcf,  0xfd, 0xa6,  0x97, 0x2c,  0x7a, 0x04,  0x9b, 0x04,  0x9b, 0x04,
  0x9b, 0x04,  0x9b, 0x04,  0x9b, 0x04,  0x9b, 0x04,  0x9b, 0x04,  0x7b, 0x04,  0x9b, 0x04,  0x9b, 0x0c,  0x38, 0x0c,  0x37, 0x1c,  0x1c, 0x6e,  0xff, 0xcf,
  0xbe, 0xe7,  0x55, 0x7c,  0xf0, 0x11,  0x54, 0x02,  0x92, 0x02,  0x6e, 0x02,  0x71, 0x0a,  0x33, 0x0a,  0xf7, 0x43,  0xb9, 0x75,  0x93, 0x3b,  0x6c, 0x01,
  0xf1, 0x2a,  0x12, 0x23,  0x50, 0x02,  0x92, 0x02,  0x92, 0x02,  0x72, 0x0a,  0x11, 0x02,  0x11, 0x33,  0xdf, 0xdf,  0xd9, 0x9d,  0x8e, 0x42,  0x5d, 0xdf,
  0xff, 0xff,  0xfe, 0xff,  0xde, 0xff,  0xff, 0xff,  0xff, 0xff,  0xff, 0xff,  0xff, 0xff,  0xff, 0xff,  0xff, 0xff,  0xff, 0xff,  0xff, 0xff,  0xff, 0xff,
  0xff, 0xff,  0xff, 0xff,  0xff, 0xff,  0xff, 0xff,  0xff, 0xff,  0xff, 0xff,  0xff, 0xff,  0xfe, 0xff,  0xfe, 0xff,  0xdf, 0xf7,  0xdf, 0xf7,  0x9f, 0xe7,
  0xee, 0x42,  0x16, 0x8d,  0xff, 0xf7,  0xd4, 0x43,  0x11, 0x02,  0x72, 0x0a,  0x31, 0x0a,  0x73, 0x02,  0x53, 0x02,  0x93, 0x1a,  0x30, 0x12,  0xf1, 0x2a,
  0x3c, 0x96,  0x39, 0x75,  0x32, 0x2b,  0x50, 0x0a,  0x71, 0x02,  0x70, 0x02,  0x91, 0x02,  0x74, 0x02,  0xf2, 0x01,  0x71, 0x22,  0x79, 0x95,  0xff, 0xef,
  0xdf, 0xc7,  0xb9, 0x65,  0x55, 0x24,  0x37, 0x0c,  0x7a, 0x0c,  0xbc, 0x04,  0xbc, 0x04,  0xbb, 0x04,  0x9a, 0x04,  0x7a, 0x04,  0x7a, 0x04,  0x9b, 0x04,
  0xbc, 0x04,  0xba, 0x0c,  0x16, 0x0c,  0x3b, 0x76,  0xdd, 0x96,  0x37, 0x14,  0x59, 0x14,  0x37, 0x55,  0xf7, 0x54,  0x7c, 0x8e,  0x5d, 0x7e,  0x78, 0x2c,
  0x1c, 0x6e,  0x15, 0x34,  0x9f, 0xb7,  0x9a, 0x55,  0x37, 0x45,  0x5a, 0x6e,  0x94, 0x44,  0xbe, 0xb7,  0xdb, 0x5d,  0x39, 0x04,  0x9b, 0x04,  0x9b, 0x04,
  0x9b, 0x04,  0x9b, 0x04,  0x9b, 0x04,  0x9b, 0x04,  0x9b, 0x04,  0x9b, 0x04,  0x7b, 0x04,  0x39, 0x0c,  0xf9, 0x4c,  0x1d, 0xb7,  0xff, 0xf7,  0x9b, 0xb6,
  0x31, 0x3b,  0xef, 0x09,  0x53, 0x0a,  0x53, 0x02,  0x72, 0x02,  0x90, 0x02,  0x4f, 0x02,  0x73, 0x12,  0x11, 0x0a,  0xf3, 0x43,  0xdc, 0x9e,  0x98, 0x5c,
  0x13, 0x0a,  0x12, 0x02,  0x72, 0x02,  0xb1, 0x02,  0xb0, 0x02,  0x4f, 0x0a,  0x70, 0x22,  0xfe, 0xbe,  0xfc, 0xc6,  0x4d, 0x32,  0x1b, 0xb6,  0xff, 0xff,
  0xdd, 0xf7,  0xfe, 0xff,  0xff, 0xff,  0xff, 0xff,  0xff, 0xff,  0xff, 0xff,  0xff, 0xff,  0xff, 0xff,  0xff, 0xff,  0xff, 0xff,  0xff, 0xff,  0xff, 0xff,
  0xff, 0xff,  0xff, 0xff,  0xff, 0xff,  0xff, 0xff,  0xff, 0xff,  0xff, 0xff,  0xff, 0xff,  0xde, 0xff,  0xfe, 0xff,  0xde, 0xff,  0xde, 0xf7,  0xff, 0xff,
  0xbb, 0xc6,  0x8c, 0x3a,  0x39, 0xae,  0xbf, 0xd7,  0x31, 0x2b,  0x0f, 0x0a,  0x52, 0x12,  0x52, 0x02,  0x73, 0x02,  0x33, 0x0a,  0x51, 0x0a,  0xba, 0x7d,
  0xd4, 0x64,  0xf5, 0x6c,  0x9a, 0x7d,  0xef, 0x01,  0x32, 0x02,  0x51, 0x0a,  0x51, 0x0a,  0x52, 0x02,  0x93, 0x02,  0x52, 0x02,  0x0f, 0x0a,  0xd3, 0x53,
  0xdd, 0xbe,  0xff, 0xe7,  0x3d, 0xb7,  0x58, 0x5d,  0x17, 0x1c,  0x39, 0x0c,  0x9b, 0x04,  0xbb, 0x0c,  0x9a, 0x04,  0x9a, 0x04,  0x9a, 0x04,  0x9b, 0x04,
  0x9b, 0x04,  0x79, 0x0c,  0x98, 0x14,  0xbe, 0x7e,  0x3f, 0x97,  0xbb, 0x1c,  0x59, 0x14,  0x9e, 0x76,  0x5a, 0x4d,  0xfc, 0x6d,  0xb8, 0x34,  0xda, 0x24,
  0x3e, 0x66,  0x5b, 0x4d,  0xfe, 0x76,  0xb9, 0x24,  0x19, 0x3d,  0x1d, 0x6e,  0x77, 0x3c,  0x7d, 0x76,  0x5a, 0x2d,  0x7a, 0x04,  0x9b, 0x04,  0x9c, 0x04,
  0x9b, 0x04,  0x7b, 0x04,  0x9a, 0x0c,  0x7a, 0x0c,  0x7a, 0x04,  0x38, 0x0c,  0xd8, 0x3c,  0x9d, 0x96,  0xff, 0xdf,  0xbf, 0xdf,  0xb6, 0x7c,  0x51, 0x1a,
  0x11, 0x02,  0x93, 0x02,  0x90, 0x02,  0x4f, 0x0a,  0x52, 0x0a,  0x34, 0x02,  0xb2, 0x1a,  0x14, 0x44,  0x16, 0x54,  0xee, 0x09,  0x73, 0x33,  0x16, 0x44,
  0x32, 0x02,  0x73, 0x02,  0x53, 0x02,  0x73, 0x02,  0x51, 0x0a,  0x2d, 0x12,  0x5a, 0xa6,  0xde, 0xe7,  0xcd, 0x42,  0xf6, 0x8c,  0xff, 0xff,  0xbe, 0xf7,
  0xde, 0xff,  0xff, 0xff,  0xff, 0xff,  0xff, 0xff,  0xff, 0xff,  0xff, 0xff,  0xff, 0xff,  0xff, 0xff,  0xff, 0xff,  0xff, 0xff,  0xff, 0xff,  0xff, 0xff,
  0xff, 0xff,  0xff, 0xff,  0xff, 0xff,  0xff, 0xff,  0xff, 0xff,  0xff, 0xff,  0xff, 0xff,  0xff, 0xff,  0xff, 0xff,  0xde, 0xff,  0xde, 0xff,  0xdf, 0xf7,
  0xff, 0xff,  0xf9, 0xad,  0x8d, 0x2a,  0x1b, 0xcf,  0x5e, 0xd7,  0x90, 0x22,  0x11, 0x02,  0x92, 0x0a,  0x51, 0x02,  0x52, 0x02,  0x72, 0x0a,  0x50, 0x0a,
  0x35, 0x5c,  0xfb, 0x95,  0x2e, 0x12,  0x33, 0x23,  0xf6, 0x43,  0x11, 0x12,  0x11, 0x0a,  0x91, 0x02,  0xb1, 0x02,  0x72, 0x0a,  0x52, 0x0a,  0xef, 0x01,
  0x70, 0x1a,  0xf6, 0x7c,  0xbf, 0xdf,  0xff, 0xe7,  0x1d, 0xa7,  0x59, 0x5d,  0x37, 0x24,  0x17, 0x0c,  0x9a, 0x04,  0x9b, 0x04,  0x9b, 0x04,  0x7a, 0x04,
  0x9b, 0x04,  0x9a, 0x04,  0xbb, 0x0c,  0xf9, 0x24,  0xf9, 0x34,  0xfd, 0x14,  0x5a, 0x0c,  0x99, 0x14,  0x1c, 0x1d,  0x59, 0x1c,  0x39, 0x0c,  0x9c, 0x04,
  0x7a, 0x14,  0xda, 0x24,  0x79, 0x14,  0x7a, 0x04,  0x39, 0x0c,  0x7a, 0x24,  0xfd, 0x2c,  0x99, 0x1c,  0x9a, 0x04,  0xdb, 0x04,  0xbb, 0x04,  0xbc, 0x04,
  0xbc, 0x04,  0x7a, 0x0c,  0x38, 0x0c,  0x17, 0x14,  0xd8, 0x3c,  0x7c, 0x8e,  0xff, 0xdf,  0xff, 0xef,  0xfa, 0xa5,  0x12, 0x33,  0xf0, 0x01,  0x52, 0x02,
  0x53, 0x0a,  0x72, 0x02,  0x92, 0x02,  0x70, 0x02,  0x31, 0x0a,  0xf1, 0x09,  0x37, 0x54,  0x1b, 0x8e,  0x1b, 0x96,  0x37, 0x5c,  0xd1, 0x01,  0x31, 0x02,
  0x71, 0x02,  0x71, 0x02,  0x72, 0x02,  0x52, 0x0a,  0xef, 0x09,  0x99, 0x8d,  0xff, 0xef,  0x4e, 0x53,  0x13, 0x6c,  0xff, 0xf7,  0xbd, 0xf7,  0xde, 0xff,
  0xff, 0xff,  0xff, 0xff,  0xff, 0xff,  0xff, 0xff,  0xff, 0xff,  0xff, 0xff,  0xff, 0xff,  0xff, 0xff,  0xff, 0xff,  0xff, 0xff,  0xff, 0xff,  0xff, 0xff,
  0xff, 0xff,  0xff, 0xff,  0xff, 0xff,  0xff, 0xff,  0xff, 0xff,  0xff, 0xff,  0xff, 0xff,  0xff, 0xff,  0xff, 0xff,  0xff, 0xff,  0xff, 0xff,  0xff, 0xff,
  0xdf, 0xf7,  0xff, 0xf7,  0x57, 0x85,  0xad, 0x32,  0x9e, 0xdf,  0xdd, 0xc6,  0x71, 0x22,  0x31, 0x02,  0x91, 0x02,  0x91, 0x02,  0x72, 0x02,  0x31, 0x02,
  0xb2, 0x22,  0x4f, 0x22,  0x90, 0x22,  0x9a, 0x85,  0x95, 0x64,  0x7c, 0x85,  0x96, 0x33,  0x30, 0x02,  0x91, 0x02,  0x32, 0x0a,  0x32, 0x0a,  0x72, 0x02,
  0x51, 0x02,  0x0f, 0x0a,  0xd0, 0x2a,  0x58, 0x85,  0xbf, 0xd7,  0xff, 0xef,  0x5e, 0xbf,  0xda, 0x75,  0x97, 0x2c,  0x38, 0x0c,  0x39, 0x04,  0x9b, 0x04,
  0xbb, 0x04,  0x9b, 0x04,  0x9b, 0x04,  0x7a, 0x04,  0x59, 0x0c,  0x9c, 0x04,  0x9c, 0x04,  0x9b, 0x04,  0x9c, 0x04,  0x7b, 0x04,  0x7b, 0x04,  0x9c, 0x04,
  0x9a, 0x04,  0x5a, 0x04,  0x7b, 0x0c,  0x9c, 0x04,  0x9b, 0x04,  0x7b, 0x04,  0x7b, 0x04,  0x7a, 0x0c,  0x9b, 0x0c,  0xdb, 0x04,  0xba, 0x04,  0x79, 0x04,
  0x57, 0x0c,  0x77, 0x24,  0x59, 0x55,  0xfd, 0x9e,  0xff, 0xdf,  0xff, 0xe7,  0x3b, 0xa6,  0x72, 0x43,  0x0e, 0x12,  0x31, 0x02,  0x73, 0x02,  0x71, 0x02,
  0x52, 0x0a,  0x33, 0x02,  0x74, 0x02,  0x92, 0x0a,  0xf5, 0x43,  0x56, 0x64,  0x4f, 0x12,  0x58, 0x5c,  0xd5, 0x4b,  0x90, 0x1a,  0x11, 0x0a,  0x72, 0x02,
  0x92, 0x02,  0x72, 0x02,  0x51, 0x02,  0x0e, 0x02,  0x38, 0x85,  0xff, 0xf7,  0xd2, 0x63,  0x51, 0x5b,  0xdf, 0xef,  0xdf, 0xf7,  0xfe, 0xff,  0xfe, 0xff,
  0xff, 0xff,  0xff, 0xff,  0xff, 0xff,  0xff, 0xff,  0xff, 0xff,  0xff, 0xff,  0xff, 0xff,  0xff, 0xff,  0xff, 0xff,  0xff, 0xff,  0xff, 0xff,  0xff, 0xff,
  0xff, 0xff,  0xff, 0xff,  0xff, 0xff,  0xff, 0xff,  0xff, 0xff,  0xff, 0xff,  0xff, 0xff,  0xff, 0xff,  0xff, 0xff,  0xff, 0xff,  0xff, 0xff,  0xff, 0xff,
  0xdf, 0xff,  0xbe, 0xf7,  0xff, 0xf7,  0xd6, 0x6c,  0xef, 0x2a,  0x9f, 0xe7,  0xbc, 0xce,  0x70, 0x22,  0x52, 0x02,  0xb3, 0x02,  0x72, 0x02,  0x52, 0x02,
  0x50, 0x02,  0xf1, 0x22,  0x9a, 0x85,  0x99, 0x95,  0x75, 0x74,  0x15, 0x5c,  0x4f, 0x12,  0xd2, 0x1a,  0x70, 0x0a,  0x13, 0x23,  0x91, 0x12,  0x51, 0x02,
  0x73, 0x02,  0x94, 0x02,  0x32, 0x02,  0xef, 0x01,  0xd1, 0x32,  0xf6, 0x7c,  0x3d, 0xcf,  0xff, 0xef,  0xff, 0xd7,  0xdc, 0xa6,  0xba, 0x65,  0xd8, 0x34,
  0x58, 0x14,  0x38, 0x04,  0x38, 0x04,  0x79, 0x04,  0x7a, 0x04,  0x9b, 0x04,  0x9b, 0x04,  0x9b, 0x04,  0x9b, 0x04,  0x9b, 0x04,  0x9b, 0x04,  0x9b, 0x04,
  0x9b, 0x04,  0x9b, 0x04,  0x9b, 0x04,  0x9b, 0x04,  0x9b, 0x04,  0x7b, 0x04,  0x7a, 0x04,  0x59, 0x04,  0x38, 0x0c,  0x37, 0x0c,  0x77, 0x24,  0x38, 0x55,
  0x7b, 0x96,  0xbf, 0xcf,  0xff, 0xef,  0xbf, 0xdf,  0xd9, 0x95,  0x72, 0x43,  0x0f, 0x0a,  0x10, 0x02,  0x71, 0x0a,  0x71, 0x02,  0x72, 0x02,  0x52, 0x02,
  0x72, 0x02,  0x51, 0x02,  0x0f, 0x02,  0x94, 0x3b,  0xbe, 0xae,  0x52, 0x3b,  0xef, 0x01,  0x71, 0x12,  0xb2, 0x1a,  0x30, 0x02,  0x71, 0x0a,  0x71, 0x02,
  0x72, 0x02,  0x72, 0x0a,  0x2f, 0x0a,  0x38, 0x7d,  0xff, 0xf7,  0x33, 0x74,  0x0f, 0x4b,  0x7f, 0xe7,  0xdf, 0xff,  0xbf, 0xff,  0xff, 0xff,  0xff, 0xff,
  0xff, 0xff,  0xff, 0xff,  0xff, 0xff,  0xff, 0xff,  0xff, 0xff,  0xff, 0xff,  0xff, 0xff,  0xff, 0xff,  0xff, 0xff,  0xff, 0xff,  0xff, 0xff,  0xff, 0xff,
  0xff, 0xff,  0xff, 0xff,  0xff, 0xff,  0xff, 0xff,  0xff, 0xff,  0xff, 0xff,  0xff, 0xff,  0xff, 0xff,  0xff, 0xff,  0xff, 0xff,  0xff, 0xff,  0xff, 0xff,
  0xff, 0xff,  0xdf, 0xff,  0x9e, 0xff,  0xff, 0xff,  0x95, 0x6c,  0x11, 0x33,  0x9e, 0xd7,  0xdc, 0xc6,  0xb0, 0x22,  0x10, 0x02,  0x72, 0x0a,  0x53, 0x0a,
  0x51, 0x02,  0xf2, 0x1a,  0x73, 0x3b,  0x99, 0x85,  0x96, 0x64,  0x8a, 0x01,  0x38, 0x75,  0x38, 0x75,  0x35, 0x4c,  0x7d, 0x96,  0xf2, 0x1a,  0x52, 0x02,
  0x73, 0x02,  0x73, 0x02,  0x73, 0x02,  0x72, 0x0a,  0x31, 0x02,  0xee, 0x01,  0x6f, 0x12,  0x14, 0x54,  0x1a, 0xa6,  0x9f, 0xdf,  0xff, 0xf7,  0xdf, 0xef,
  0x3e, 0xaf,  0x5c, 0x76,  0x79, 0x5d,  0xf8, 0x3c,  0x97, 0x24,  0x57, 0x14,  0x37, 0x0c,  0x38, 0x04,  0x39, 0x04,  0x39, 0x04,  0x59, 0x04,  0x59, 0x04,
  0x39, 0x04,  0x59, 0x04,  0x38, 0x04,  0x17, 0x0c,  0x58, 0x14,  0x78, 0x24,  0x98, 0x34,  0x39, 0x4d,  0xfb, 0x75,  0xbd, 0x9e,  0x9f, 0xc7,  0xff, 0xef,
  0xdf, 0xef,  0xbc, 0xbe,  0xb6, 0x74,  0xd1, 0x2a,  0x0e, 0x02,  0x0f, 0x02,  0x72, 0x0a,  0x73, 0x0a,  0x72, 0x02,  0x73, 0x02,  0x72, 0x02,  0x51, 0x0a,
  0x30, 0x0a,  0x74, 0x33,  0x57, 0x54,  0x0e, 0x0a,  0xf4, 0x4b,  0x5d, 0x96,  0x12, 0x23,  0x30, 0x02,  0x52, 0x02,  0x73, 0x02,  0x53, 0x02,  0x52, 0x02,
  0x52, 0x0a,  0x0e, 0x02,  0x38, 0x85,  0xff, 0xef,  0x74, 0x6c,  0x0f, 0x43,  0x5e, 0xdf,  0xff, 0xff,  0xbe, 0xf7,  0xdf, 0xff,  0xff, 0xff,  0xff, 0xff,
  0xff, 0xff,  0xff, 0xff,  0xff, 0xff,  0xff, 0xff,  0xff, 0xff,  0xff, 0xff,  0xff, 0xff,  0xff, 0xff,  0xff, 0xff,  0xff, 0xff,  0xff, 0xff,  0xff, 0xff,
  0xff, 0xff,  0xff, 0xff,  0xff, 0xff,  0xff, 0xff,  0xff, 0xff,  0xff, 0xff,  0xff, 0xff,  0xff, 0xff,  0xff, 0xff,  0xff, 0xff,  0xff, 0xff,  0xff, 0xff,
  0xff, 0xff,  0xff, 0xff,  0xbe, 0xff,  0xbe, 0xff,  0xff, 0xef,  0x95, 0x64,  0x0f, 0x33,  0x7e, 0xd7,  0x1d, 0xc7,  0xf1, 0x2a,  0xef, 0x09,  0x52, 0x0a,
  0x72, 0x02,  0x51, 0x02,  0x50, 0x0a,  0x53, 0x2b,  0xb0, 0x12,  0xf0, 0x22,  0x1b, 0x96,  0x50, 0x3b,  0xbd, 0xae,  0xf3, 0x4b,  0xcd, 0x01,  0x71, 0x0a,
  0x51, 0x02,  0x52, 0x02,  0x52, 0x02,  0x53, 0x02,  0x73, 0x02,  0x93, 0x02,  0x52, 0x02,  0xef, 0x01,  0x0f, 0x0a,  0xb1, 0x2a,  0x36, 0x5c,  0xfb, 0x95,
  0xfd, 0xbe,  0xff, 0xe7,  0xff, 0xe7,  0xff, 0xdf,  0xdf, 0xcf,  0x5e, 0xb7,  0xdc, 0xa6,  0x9c, 0x86,  0x5d, 0x7e,  0xfc, 0x6d,  0xdb, 0x6d,  0xdb, 0x6d,
  0xfb, 0x6d,  0x1c, 0x76,  0x7c, 0x8e,  0xbc, 0x96,  0x3d, 0xaf,  0x9f, 0xc7,  0xff, 0xdf,  0xff, 0xe7,  0xff, 0xe7,  0x7e, 0xd7,  0x5a, 0xa6,  0xb5, 0x64,
  0x52, 0x2b,  0x6f, 0x0a,  0x0e, 0x02,  0x4f, 0x02,  0x72, 0x02,  0x72, 0x02,  0x72, 0x02,  0x53, 0x02,  0x52, 0x02,  0x52, 0x02,  0x71, 0x0a,  0x30, 0x0a,
  0xf6, 0x43,  0xf9, 0x6c,  0xb7, 0x64,  0xd1, 0x2a,  0x4f, 0x0a,  0x73, 0x2b,  0x90, 0x0a,  0x52, 0x02,  0x74, 0x02,  0x74, 0x02,  0x73, 0x02,  0x10, 0x0a,
  0x4f, 0x12,  0x99, 0x8d,  0xff, 0xef,  0x32, 0x6c,  0x0e, 0x43,  0x5e, 0xd7,  0xff, 0xff,  0xde, 0xff,  0xff, 0xff,  0xff, 0xff,  0xff, 0xff,  0xff, 0xff,
  0xff, 0xff,  0xff, 0xff,  0xff, 0xff,  0xff, 0xff,  0xff, 0xff,  0xff, 0xff,  0xff, 0xff,  0xff, 0xff,  0xff, 0xff,  0xff, 0xff,  0xff, 0xff,  0xff, 0xff,
  0xff, 0xff,  0xff, 0xff,  0xff, 0xff,  0xff, 0xff,  0xff, 0xff,  0xff, 0xff,  0xff, 0xff,  0xff, 0xff,  0xff, 0xff,  0xff, 0xff,  0xff, 0xff,  0xff, 0xff,
  0xff, 0xff,  0xff, 0xff,  0xff, 0xf7,  0xdf, 0xf7,  0xdd, 0xff,  0xff, 0xf7,  0xb6, 0x74,  0xd0, 0x32,  0x1d, 0xc7,  0x9e, 0xcf,  0x72, 0x43,  0xee, 0x09,
  0x72, 0x0a,  0x73, 0x02,  0x53, 0x02,  0x11, 0x02,  0x72, 0x0a,  0x71, 0x12,  0x12, 0x33,  0x3d, 0x9e,  0x96, 0x64,  0xcc, 0x09,  0xb7, 0x64,  0x97, 0x5c,
  0xf2, 0x22,  0x50, 0x0a,  0x31, 0x0a,  0x51, 0x02,  0x72, 0x02,  0x32, 0x02,  0x53, 0x0a,  0x53, 0x0a,  0x73, 0x02,  0x52, 0x02,  0x31, 0x02,  0x30, 0x02,
  0x6f, 0x1a,  0x10, 0x3b,  0x14, 0x64,  0x37, 0x85,  0xfa, 0xa5,  0xdd, 0xbe,  0x5e, 0xd7,  0xbf, 0xdf,  0xdf, 0xe7,  0xff, 0xef,  0xff, 0xef,  0xff, 0xef,
  0xff, 0xef,  0xff, 0xe7,  0xbf, 0xd7,  0x9e, 0xcf,  0x1d, 0xc7,  0x5b, 0xae,  0x98, 0x8d,  0x95, 0x6c,  0x71, 0x4b,  0xb0, 0x22,  0x2f, 0x0a,  0x0f, 0x02,
  0x51, 0x02,  0x92, 0x02,  0x92, 0x02,  0x72, 0x02,  0x52, 0x02,  0x71, 0x02,  0xb1, 0x12,  0x51, 0x0a,  0x31, 0x0a,  0x50, 0x12,  0x94, 0x3b,  0x12, 0x23,
  0x94, 0x3b,  0x9e, 0xa6,  0xb4, 0x4b,  0x33, 0x33,  0x71, 0x0a,  0x51, 0x02,  0x32, 0x02,  0x53, 0x02,  0x74, 0x02,  0x73, 0x02,  0x0f, 0x02,  0xaf, 0x22,
  0x7b, 0xae,  0xff, 0xef,  0xf2, 0x5b,  0x4f, 0x4b,  0x5d, 0xdf,  0xfe, 0xff,  0xde, 0xf7,  0xff, 0xff,  0xff, 0xff,  0xff, 0xff,  0xff, 0xff,  0xff, 0xff,
  0xff, 0xff,  0xff, 0xff,  0xff, 0xff,  0xff, 0xff,  0xff, 0xff,  0xff, 0xff,  0xff, 0xff,  0xff, 0xff,  0xff, 0xff,  0xff, 0xff,  0xff, 0xff,  0xff, 0xff,
  0xff, 0xff,  0xff, 0xff,  0xff, 0xff,  0xff, 0xff,  0xff, 0xff,  0xff, 0xff,  0xff, 0xff,  0xff, 0xff,  0xff, 0xff,  0xff, 0xff,  0xff, 0xff,  0xff, 0xff,
  0xff, 0xff,  0xff, 0xff,  0xff, 0xf7,  0xfe, 0xf7,  0xdd, 0xff,  0xde, 0xff,  0xff, 0xf7,  0x18, 0x85,  0x6d, 0x2a,  0x7a, 0xae,  0xff, 0xe7,  0x55, 0x64,
  0xee, 0x09,  0x51, 0x0a,  0x73, 0x0a,  0x53, 0x02,  0x73, 0x02,  0x52, 0x02,  0x31, 0x0a,  0x54, 0x2b,  0x2f, 0x0a,  0x74, 0x3b,  0x5d, 0x9e,  0x76, 0x5c,
  0x9b, 0x7d,  0x51, 0x0a,  0x72, 0x0a,  0x51, 0x02,  0x71, 0x0a,  0xf3, 0x1a,  0x71, 0x12,  0x51, 0x0a,  0x52, 0x02,  0x51, 0x0a,  0x71, 0x0a,  0x50, 0x0a,
  0x51, 0x02,  0x31, 0x02,  0x10, 0x02,  0xf0, 0x01,  0xef, 0x01,  0x50, 0x12,  0x90, 0x1a,  0xd1, 0x22,  0x12, 0x2b,  0x53, 0x33,  0x73, 0x3b,  0x74, 0x3b,
  0x53, 0x33,  0x32, 0x33,  0xf2, 0x2a,  0xb1, 0x1a,  0x70, 0x12,  0x2f, 0x0a,  0x0f, 0x02,  0x10, 0x02,  0x31, 0x02,  0x34, 0x02,  0x33, 0x0a,  0x32, 0x12,
  0x31, 0x12,  0x31, 0x0a,  0x53, 0x0a,  0x74, 0x02,  0x32, 0x02,  0x12, 0x1b,  0xb7, 0x5c,  0x0f, 0x0a,  0x54, 0x3b,  0x3d, 0x9e,  0x35, 0x54,  0x12, 0x2b,
  0x0e, 0x02,  0x33, 0x2b,  0x54, 0x33,  0x31, 0x0a,  0x51, 0x02,  0x52, 0x02,  0x53, 0x02,  0x53, 0x02,  0x52, 0x0a,  0xce, 0x01,  0x31, 0x33,  0x1d, 0xbf,
  0xbe, 0xdf,  0x4e, 0x4b,  0xd1, 0x53,  0xbf, 0xe7,  0xff, 0xff,  0xbd, 0xff,  0xfe, 0xff,  0xff, 0xf7,  0xff, 0xff,  0xff, 0xff,  0xff, 0xff,  0xff, 0xff,
  0xff, 0xff,  0xff, 0xff,  0xff, 0xff,  0xff, 0xff,  0xff, 0xff,  0xff, 0xff,  0xff, 0xff,  0xff, 0xff,  0xff, 0xff,  0xff, 0xff,  0xff, 0xff,  0xff, 0xff,
  0xff, 0xff,  0xff, 0xff,  0xff, 0xff,  0xff, 0xff,  0xff, 0xff,  0xff, 0xff,  0xff, 0xff,  0xff, 0xff,  0xff, 0xff,  0xff, 0xff,  0xff, 0xff,  0xff, 0xff,
  0xff, 0xff,  0xff, 0xff,  0xde, 0xff,  0xff, 0xff,  0xff, 0xff,  0xdf, 0xff,  0xde, 0xff,  0xff, 0xff,  0xd9, 0xa5,  0x8c, 0x2a,  0x36, 0x95,  0xff, 0xef,
  0x78, 0x85,  0x6f, 0x12,  0x2f, 0x02,  0x72, 0x02,  0x72, 0x02,  0x72, 0x02,  0x73, 0x02,  0x31, 0x02,  0x31, 0x02,  0xb2, 0x1a,  0xf5, 0x4b,  0x11, 0x33,
  0x34, 0x2b,  0x72, 0x02,  0x73, 0x02,  0x73, 0x0a,  0xf0, 0x01,  0xd8, 0x64,  0xfa, 0x8d,  0x2f, 0x0a,  0x14, 0x23,  0x72, 0x02,  0x52, 0x02,  0x52, 0x02,
  0x72, 0x02,  0x72, 0x02,  0x92, 0x02,  0x72, 0x02,  0x92, 0x02,  0x71, 0x02,  0x71, 0x02,  0x52, 0x02,  0x32, 0x02,  0x32, 0x02,  0x12, 0x02,  0x12, 0x02,
  0x32, 0x02,  0x12, 0x02,  0x32, 0x02,  0x32, 0x02,  0x52, 0x02,  0x72, 0x0a,  0x52, 0x02,  0x73, 0x02,  0x73, 0x02,  0x53, 0x0a,  0x32, 0x02,  0x53, 0x02,
  0x73, 0x0a,  0x31, 0x02,  0x10, 0x02,  0x50, 0x0a,  0x31, 0x02,  0x4f, 0x0a,  0xf7, 0x64,  0x77, 0x5c,  0xce, 0x09,  0xb3, 0x4b,  0x7c, 0x9e,  0x36, 0x4c,
  0x0f, 0x02,  0x31, 0x02,  0x11, 0x02,  0x52, 0x02,  0x52, 0x02,  0x52, 0x02,  0x53, 0x02,  0x31, 0x0a,  0xee, 0x09,  0x14, 0x5c,  0xdf, 0xdf,  0xdc, 0xc6,
  0xad, 0x32,  0x74, 0x6c,  0xff, 0xef,  0xdf, 0xff,  0xdf, 0xff,  0xff, 0xff,  0xfe, 0xff,  0xfe, 0xff,  0xff, 0xff,  0xff, 0xff,  0xff, 0xff,  0xff, 0xff,
  0xff, 0xff,  0xff, 0xff,  0xff, 0xff,  0xff, 0xff,  0xff, 0xff,  0xff, 0xff,  0xff, 0xff,  0xff, 0xff,  0xff, 0xff,  0xff, 0xff,  0xff, 0xff,  0xff, 0xff,
  0xff, 0xff,  0xff, 0xff,  0xff, 0xff,  0xff, 0xff,  0xff, 0xff,  0xff, 0xff,  0xff, 0xff,  0xff, 0xff,  0xff, 0xff,  0xff, 0xff,  0xff, 0xff,  0xff, 0xff,
  0xff, 0xff,  0xff, 0xff,  0xdf, 0xff,  0xff, 0xff,  0xff, 0xff,  0xff, 0xff,  0xff, 0xff,  0xbe, 0xff,  0xff, 0xff,  0xdc, 0xc6,  0xce, 0x3a,  0x13, 0x64,
  0xdf, 0xdf,  0xfd, 0xbe,  0x50, 0x43,  0x0f, 0x02,  0x73, 0x02,  0x52, 0x02,  0x51, 0x02,  0x72, 0x0a,  0x52, 0x0a,  0x32, 0x02,  0x72, 0x12,  0xd3, 0x1a,
  0x32, 0x02,  0x53, 0x02,  0x53, 0x02,  0x11, 0x02,  0x72, 0x12,  0x56, 0x5c,  0x9c, 0xae,  0xf1, 0x2a,  0x99, 0x5c,  0xf4, 0x1a,  0x11, 0x02,  0x33, 0x02,
  0x73, 0x02,  0x72, 0x02,  0x72, 0x0a,  0x71, 0x02,  0x72, 0x02,  0x93, 0x02,  0x73, 0x02,  0x73, 0x02,  0x52, 0x02,  0x72, 0x02,  0x72, 0x02,  0x72, 0x02,
  0x72, 0x02,  0x73, 0x02,  0x73, 0x02,  0x31, 0x02,  0x51, 0x02,  0x72, 0x02,  0x53, 0x02,  0x52, 0x0a,  0x51, 0x0a,  0xf2, 0x22,  0xb1, 0x12,  0xb7, 0x33,
  0xd8, 0x33,  0x31, 0x02,  0x12, 0x2b,  0xf3, 0x4b,  0x19, 0x75,  0x0d, 0x0a,  0x10, 0x2b,  0x9e, 0x9e,  0x53, 0x33,  0xce, 0x01,  0x71, 0x0a,  0xf2, 0x12,
  0x50, 0x02,  0x72, 0x0a,  0x53, 0x0a,  0x52, 0x02,  0x73, 0x02,  0x72, 0x02,  0xf0, 0x09,  0x6f, 0x22,  0xd9, 0x95,  0xff, 0xef,  0x97, 0x9d,  0x4d, 0x32,
  0x17, 0x95,  0xff, 0xff,  0xde, 0xf7,  0xdf, 0xff,  0xff, 0xff,  0xff, 0xff,  0xff, 0xff,  0xff, 0xff,  0xff, 0xff,  0xff, 0xff,  0xff, 0xff,  0xff, 0xff,
  0xff, 0xff,  0xff, 0xff,  0xff, 0xff,  0xff, 0xff,  0xff, 0xff,  0xff, 0xff,  0xff, 0xff,  0xff, 0xff,  0xff, 0xff,  0xff, 0xff,  0xff, 0xff,  0xff, 0xff,
  0xff, 0xff,  0xff, 0xff,  0xff, 0xff,  0xff, 0xff,  0xff, 0xff,  0xff, 0xff,  0xff, 0xff,  0xff, 0xff,  0xff, 0xff,  0xff, 0xff,  0xff, 0xff,  0xff, 0xff,
  0xff, 0xff,  0xff, 0xff,  0xff, 0xff,  0xff, 0xff,  0xff, 0xff,  0xff, 0xff,  0xff, 0xff,  0xdf, 0xff,  0xbf, 0xf7,  0xff, 0xf7,  0x9f, 0xdf,  0xd2, 0x5b,
  0x0e, 0x43,  0xdc, 0xbe,  0xff, 0xe7,  0xf7, 0x74,  0x4f, 0x1a,  0x0f, 0x02,  0x71, 0x0a,  0x72, 0x02,  0x73, 0x02,  0x53, 0x02,  0x52, 0x02,  0x51, 0x02,
  0x72, 0x02,  0x72, 0x02,  0x52, 0x02,  0x51, 0x0a,  0x17, 0x44,  0xd0, 0x2a,  0xda, 0x95,  0xf7, 0x6c,  0x32, 0x2b,  0x0e, 0x0a,  0x53, 0x2b,  0xf2, 0x22,
  0x51, 0x02,  0x52, 0x02,  0x10, 0x02,  0xf0, 0x01,  0x31, 0x02,  0x52, 0x02,  0x31, 0x02,  0x52, 0x02,  0x73, 0x02,  0x52, 0x02,  0x52, 0x02,  0x73, 0x02,
  0x73, 0x02,  0x53, 0x02,  0x31, 0x02,  0xf3, 0x1a,  0xd1, 0x1a,  0x51, 0x02,  0x72, 0x02,  0x32, 0x02,  0xb2, 0x1a,  0x7e, 0x96,  0xb3, 0x3b,  0x90, 0x1a,
  0xf7, 0x43,  0x10, 0x0a,  0xdb, 0x85,  0xb5, 0x64,  0xba, 0x8d,  0x76, 0x64,  0xcc, 0x09,  0xd8, 0x64,  0xf6, 0x43,  0x51, 0x0a,  0x52, 0x0a,  0x31, 0x02,
  0x72, 0x02,  0x72, 0x02,  0x71, 0x02,  0x71, 0x0a,  0x31, 0x02,  0xef, 0x09,  0xb4, 0x4b,  0x3e, 0xc7,  0xbf, 0xdf,  0xf3, 0x63,  0xae, 0x42,  0x7b, 0xbe,
  0xff, 0xff,  0xdf, 0xff,  0xdf, 0xff,  0xff, 0xff,  0xff, 0xff,  0xff, 0xff,  0xff, 0xff,  0xff, 0xff,  0xff, 0xff,  0xff, 0xff,  0xff, 0xff,  0xff, 0xff,
  0xff, 0xff,  0xff, 0xff,  0xff, 0xff,  0xff, 0xff,  0xff, 0xff,  0xff, 0xff,  0xff, 0xff,  0xff, 0xff,  0xff, 0xff,  0xff, 0xff,  0xff, 0xff,  0xff, 0xff,
  0xff, 0xff,  0xff, 0xff,  0xff, 0xff,  0xff, 0xff,  0xff, 0xff,  0xff, 0xff,  0xff, 0xff,  0xff, 0xff,  0xff, 0xff,  0xff, 0xff,  0xff, 0xff,  0xff, 0xff,
  0xff, 0xff,  0xff, 0xff,  0xff, 0xff,  0xff, 0xff,  0xff, 0xff,  0xff, 0xff,  0xff, 0xff,  0xff, 0xff,  0xff, 0xff,  0xdf, 0xf7,  0xff, 0xf7,  0xff, 0xf7,
  0x56, 0x8d,  0x8d, 0x32,  0xd5, 0x7c,  0xff, 0xe7,  0xbc, 0xc6,  0x92, 0x43,  0x0f, 0x02,  0x51, 0x02,  0x93, 0x02,  0x52, 0x02,  0x51, 0x02,  0x92, 0x02,
  0x72, 0x02,  0x72, 0x02,  0x51, 0x02,  0x91, 0x0a,  0x37, 0x44,  0x4e, 0x12,  0x17, 0x6d,  0x5c, 0x96,  0xec, 0x01,  0xd7, 0x64,  0x38, 0x6d,  0x75, 0x5c,
  0x36, 0x4c,  0x0f, 0x0a,  0xd5, 0x4b,  0xb5, 0x43,  0xf2, 0x22,  0x70, 0x12,  0x90, 0x1a,  0x91, 0x12,  0x51, 0x0a,  0x31, 0x0a,  0x53, 0x0a,  0x32, 0x0a,
  0x31, 0x0a,  0x30, 0x0a,  0x0f, 0x02,  0xb8, 0x5c,  0x39, 0x6d,  0x0f, 0x02,  0x72, 0x02,  0x92, 0x02,  0x10, 0x02,  0x79, 0x7d,  0xf6, 0x6c,  0xab, 0x01,
  0xb5, 0x3b,  0x50, 0x12,  0x52, 0x33,  0x5c, 0x96,  0xd4, 0x4b,  0xb8, 0x64,  0x4f, 0x12,  0x50, 0x0a,  0x30, 0x02,  0x52, 0x02,  0x52, 0x02,  0x51, 0x0a,
  0x72, 0x02,  0x93, 0x02,  0x72, 0x02,  0xee, 0x01,  0xb0, 0x2a,  0xb9, 0x95,  0xff, 0xdf,  0x3a, 0xa6,  0xaf, 0x3a,  0xd4, 0x6b,  0x7f, 0xe7,  0xff, 0xff,
  0xfe, 0xf7,  0xff, 0xff,  0xff, 0xff,  0xff, 0xff,  0xff, 0xff,  0xff, 0xff,  0xff, 0xff,  0xff, 0xff,  0xff, 0xff,  0xff, 0xff,  0xff, 0xff,  0xff, 0xff,
  0xff, 0xff,  0xff, 0xff,  0xff, 0xff,  0xff, 0xff,  0xff, 0xff,  0xff, 0xff,  0xff, 0xff,  0xff, 0xff,  0xff, 0xff,  0xff, 0xff,  0xff, 0xff,  0xff, 0xff,
  0xff, 0xff,  0xff, 0xff,  0xff, 0xff,  0xff, 0xff,  0xff, 0xff,  0xff, 0xff,  0xff, 0xff,  0xff, 0xff,  0xff, 0xff,  0xff, 0xff,  0xff, 0xff,  0xff, 0xff,
  0xff, 0xff,  0xff, 0xff,  0xff, 0xff,  0xff, 0xff,  0xff, 0xff,  0xff, 0xff,  0xff, 0xff,  0xff, 0xff,  0xfe, 0xff,  0xfd, 0xff,  0xff, 0xf7,  0xdf, 0xef,
  0xff, 0xf7,  0xfc, 0xce,  0x6f, 0x53,  0x0e, 0x43,  0x9b, 0xb6,  0xff, 0xdf,  0xda, 0x8d,  0x10, 0x2b,  0xcd, 0x01,  0x4f, 0x0a,  0x71, 0x0a,  0x72, 0x02,
  0x73, 0x02,  0x53, 0x02,  0x73, 0x02,  0x72, 0x02,  0x50, 0x02,  0x2f, 0x0a,  0x33, 0x2b,  0xb5, 0x33,  0xcd, 0x01,  0x5a, 0x75,  0x34, 0x54,  0x99, 0x85,
  0x18, 0x6d,  0xac, 0x01,  0x1c, 0x96,  0x39, 0x7d,  0x52, 0x3b,  0xb3, 0x43,  0x79, 0x85,  0xb6, 0x6c,  0xb7, 0x64,  0x78, 0x5c,  0x30, 0x12,  0x54, 0x3b,
  0x97, 0x64,  0xb7, 0x6c,  0x0d, 0x0a,  0xb3, 0x3b,  0xfb, 0x8d,  0x2e, 0x02,  0x71, 0x02,  0x92, 0x02,  0x30, 0x02,  0x93, 0x3b,  0xde, 0xae,  0xb0, 0x1a,
  0x74, 0x33,  0xb2, 0x1a,  0x70, 0x12,  0xf5, 0x43,  0x91, 0x12,  0x30, 0x02,  0x51, 0x0a,  0x72, 0x02,  0x72, 0x02,  0x52, 0x02,  0x72, 0x02,  0x91, 0x0a,
  0x51, 0x02,  0xf0, 0x01,  0x30, 0x12,  0x97, 0x6c,  0x9f, 0xd7,  0x9e, 0xd7,  0x12, 0x64,  0xad, 0x3a,  0xd9, 0xa5,  0xff, 0xf7,  0xdf, 0xf7,  0xde, 0xf7,
  0xfe, 0xff,  0xff, 0xff,  0xff, 0xff,  0xff, 0xff,  0xff, 0xff,  0xff, 0xff,  0xff, 0xff,  0xff, 0xff,  0xff, 0xff,  0xff, 0xff,  0xff, 0xff,  0xff, 0xff,
  0xff, 0xff,  0xff, 0xff,  0xff, 0xff,  0xff, 0xff,  0xff, 0xff,  0xff, 0xff,  0xff, 0xff,  0xff, 0xff,  0xff, 0xff,  0xff, 0xff,  0xff, 0xff,  0xff, 0xff,
  0xff, 0xff,  0xff, 0xff,  0xff, 0xff,  0xff, 0xff,  0xff, 0xff,  0xff, 0xff,  0xff, 0xff,  0xff, 0xff,  0xff, 0xff,  0xff, 0xff,  0xff, 0xff,  0xff, 0xff,
  0xff, 0xff,  0xff, 0xff,  0xff, 0xff,  0xff, 0xff,  0xff, 0xff,  0xff, 0xff,  0xff, 0xff,  0xff, 0xff,  0xfe, 0xff,  0xdd, 0xff,  0xff, 0xf7,  0xff, 0xef,
  0xde, 0xf7,  0xff, 0xff,  0xff, 0xef,  0x77, 0x85,  0xce, 0x32,  0x32, 0x64,  0x7d, 0xd7,  0xdf, 0xe7,  0x37, 0x85,  0x8f, 0x22,  0xee, 0x01,  0x10, 0x02,
  0x52, 0x0a,  0x53, 0x0a,  0x53, 0x02,  0x53, 0x02,  0x52, 0x02,  0x52, 0x02,  0x32, 0x02,  0x31, 0x02,  0x51, 0x02,  0x71, 0x12,  0x74, 0x33,  0xf6, 0x4b,
  0x4f, 0x12,  0x32, 0x2b,  0x5d, 0x9e,  0x8f, 0x1a,  0xac, 0x01,  0x76, 0x5c,  0x37, 0x7d,  0x17, 0x7d,  0xd5, 0x6c,  0xbb, 0x8d,  0x2e, 0x12,  0x14, 0x54,
  0x58, 0x7d,  0x9c, 0xa6,  0x8f, 0x1a,  0xf1, 0x2a,  0x9d, 0x9e,  0x90, 0x12,  0x51, 0x02,  0x72, 0x02,  0x72, 0x02,  0x30, 0x0a,  0x36, 0x4c,  0x16, 0x44,
  0xb2, 0x12,  0x52, 0x02,  0x52, 0x02,  0x30, 0x02,  0x51, 0x02,  0x72, 0x02,  0x72, 0x02,  0x93, 0x02,  0x72, 0x02,  0x71, 0x02,  0x71, 0x02,  0x10, 0x02,
  0x4f, 0x12,  0x54, 0x5c,  0x5e, 0xcf,  0xff, 0xe7,  0x57, 0x85,  0xae, 0x32,  0xf2, 0x6b,  0x5d, 0xdf,  0xff, 0xff,  0xde, 0xf7,  0xdf, 0xff,  0xdf, 0xff,
  0xdf, 0xff,  0xff, 0xff,  0xff, 0xff,  0xff, 0xff,  0xff, 0xff,  0xff, 0xff,  0xff, 0xff,  0xff, 0xff,  0xff, 0xff,  0xff, 0xff,  0xff, 0xff,  0xff, 0xff,
  0xff, 0xff,  0xff, 0xff,  0xff, 0xff,  0xff, 0xff,  0xff, 0xff,  0xff, 0xff,  0xff, 0xff,  0xff, 0xff,  0xff, 0xff,  0xff, 0xff,  0xff, 0xff,  0xff, 0xff,
  0xff, 0xff,  0xff, 0xff,  0xff, 0xff,  0xff, 0xff,  0xff, 0xff,  0xff, 0xff,  0xff, 0xff,  0xff, 0xff,  0xff, 0xff,  0xff, 0xff,  0xff, 0xff,  0xff, 0xff,
  0xff, 0xff,  0xff, 0xff,  0xff, 0xff,  0xff, 0xff,  0xff, 0xff,  0xff, 0xff,  0xff, 0xff,  0xff, 0xff,  0xff, 0xff,  0xff, 0xff,  0xff, 0xf7,  0xff, 0xf7,
  0xde, 0xff,  0xbd, 0xff,  0xdf, 0xf7,  0xff, 0xf7,  0x5e, 0xd7,  0x52, 0x74,  0xac, 0x3a,  0x93, 0x7c,  0xbf, 0xdf,  0xbf, 0xd7,  0x38, 0x85,  0xf1, 0x2a,
  0xee, 0x09,  0x10, 0x02,  0x52, 0x02,  0x72, 0x02,  0x72, 0x02,  0x72, 0x02,  0x52, 0x02,  0x73, 0x02,  0x72, 0x02,  0x52, 0x02,  0x32, 0x02,  0x11, 0x02,
  0x51, 0x0a,  0xb2, 0x1a,  0x33, 0x2b,  0x91, 0x12,  0x30, 0x02,  0x57, 0x4c,  0x36, 0x54,  0x97, 0x64,  0x36, 0x5c,  0x3a, 0x75,  0x2f, 0x0a,  0xb8, 0x64,
  0xb8, 0x64,  0x5a, 0x7d,  0x95, 0x33,  0xb1, 0x1a,  0x39, 0x6d,  0x13, 0x23,  0x31, 0x02,  0x73, 0x02,  0x73, 0x02,  0x51, 0x02,  0x10, 0x02,  0x30, 0x02,
  0x51, 0x02,  0x52, 0x02,  0x72, 0x02,  0x72, 0x02,  0x52, 0x02,  0x53, 0x02,  0x73, 0x02,  0x72, 0x02,  0x30, 0x02,  0xee, 0x01,  0x6f, 0x1a,  0x56, 0x64,
  0x1e, 0xbf,  0xff, 0xdf,  0x19, 0x9e,  0x0d, 0x43,  0x70, 0x4b,  0x7b, 0xb6,  0xff, 0xff,  0xff, 0xff,  0xde, 0xf7,  0xfe, 0xff,  0xfe, 0xff,  0xff, 0xff,
  0xdf, 0xff,  0xff, 0xff,  0xff, 0xff,  0xff, 0xff,  0xff, 0xff,  0xff, 0xff,  0xff, 0xff,  0xff, 0xff,  0xff, 0xff,  0xff, 0xff,  0xff, 0xff,  0xff, 0xff,
  0xff, 0xff,  0xff, 0xff,  0xff, 0xff,  0xff, 0xff,  0xff, 0xff,  0xff, 0xff,  0xff, 0xff,  0xff, 0xff,  0xff, 0xff,  0xff, 0xff,  0xff, 0xff,  0xff, 0xff,
  0xff, 0xff,  0xff, 0xff,  0xff, 0xff,  0xff, 0xff,  0xff, 0xff,  0xff, 0xff,  0xff, 0xff,  0xff, 0xff,  0xff, 0xff,  0xff, 0xff,  0xff, 0xff,  0xff, 0xff,
  0xff, 0xff,  0xff, 0xff,  0xff, 0xff,  0xff, 0xff,  0xff, 0xff,  0xff, 0xff,  0xff, 0xff,  0xff, 0xff,  0xff, 0xff,  0xff, 0xf7,  0xff, 0xff,  0xff, 0xff,
  0xde, 0xff,  0xde, 0xff,  0xde, 0xff,  0xde, 0xff,  0xff, 0xff,  0xff, 0xff,  0xdc, 0xc6,  0xf2, 0x5b,  0xee, 0x3a,  0xd5, 0x84,  0x7e, 0xcf,  0xff, 0xdf,
  0x1a, 0x9e,  0x93, 0x43,  0x50, 0x12,  0x0f, 0x02,  0x51, 0x02,  0x92, 0x02,  0x91, 0x02,  0x92, 0x02,  0x92, 0x02,  0x72, 0x02,  0x72, 0x02,  0x72, 0x0a,
  0x52, 0x02,  0x52, 0x02,  0x31, 0x02,  0x52, 0x02,  0x52, 0x02,  0x31, 0x02,  0x30, 0x0a,  0x31, 0x0a,  0x72, 0x0a,  0x92, 0x12,  0x72, 0x0a,  0x72, 0x0a,
  0x92, 0x12,  0x52, 0x12,  0x72, 0x0a,  0x71, 0x0a,  0x30, 0x0a,  0x50, 0x0a,  0x72, 0x02,  0x52, 0x02,  0x52, 0x02,  0x52, 0x0a,  0x52, 0x0a,  0x71, 0x0a,
  0x72, 0x02,  0x73, 0x02,  0x73, 0x02,  0x72, 0x02,  0x52, 0x0a,  0x32, 0x02,  0xf0, 0x01,  0x10, 0x0a,  0xf2, 0x32,  0xf7, 0x84,  0x7f, 0xd7,  0xdf, 0xe7,
  0xd9, 0x9d,  0x30, 0x43,  0x30, 0x43,  0xd9, 0x9d,  0xff, 0xef,  0xff, 0xff,  0xbf, 0xf7,  0xde, 0xf7,  0xdf, 0xff,  0xff, 0xff,  0xff, 0xff,  0xff, 0xff,
  0xff, 0xff,  0xff, 0xff,  0xff, 0xff,  0xff, 0xff,  0xff, 0xff,  0xff, 0xff,  0xff, 0xff,  0xff, 0xff,  0xff, 0xff,  0xff, 0xff,  0xff, 0xff,  0xff, 0xff,
  0xff, 0xff,  0xff, 0xff,  0xff, 0xff,  0xff, 0xff,  0xff, 0xff,  0xff, 0xff,  0xff, 0xff,  0xff, 0xff,  0xff, 0xff,  0xff, 0xff,  0xff, 0xff,  0xff, 0xff,
  0xff, 0xff,  0xff, 0xff,  0xff, 0xff,  0xff, 0xff,  0xff, 0xff,  0xff, 0xff,  0xff, 0xff,  0xff, 0xff,  0xff, 0xff,  0xff, 0xff,  0xff, 0xff,  0xff, 0xff,
  0xff, 0xff,  0xff, 0xff,  0xff, 0xff,  0xff, 0xff,  0xff, 0xff,  0xff, 0xff,  0xff, 0xff,  0xff, 0xff,  0xff, 0xff,  0xff, 0xff,  0xff, 0xff,  0xff, 0xff,
  0xff, 0xff,  0xff, 0xff,  0xdf, 0xff,  0xff, 0xff,  0xdf, 0xff,  0xdf, 0xff,  0xff, 0xff,  0xff, 0xff,  0x9b, 0xbe,  0x12, 0x64,  0x0f, 0x3b,  0x73, 0x64,
  0xdc, 0xc6,  0xdf, 0xe7,  0xdd, 0xc6,  0xf7, 0x7c,  0x31, 0x33,  0x4f, 0x0a,  0x10, 0x02,  0x10, 0x02,  0x51, 0x02,  0x51, 0x0a,  0x51, 0x0a,  0x52, 0x0a,
  0x52, 0x02,  0x72, 0x02,  0x72, 0x02,  0x52, 0x02,  0x52, 0x02,  0x52, 0x02,  0x53, 0x02,  0x52, 0x02,  0x52, 0x02,  0x52, 0x02,  0x52, 0x02,  0x73, 0x02,
  0x52, 0x02,  0x53, 0x02,  0x53, 0x02,  0x53, 0x02,  0x52, 0x02,  0x52, 0x02,  0x72, 0x02,  0x51, 0x02,  0x51, 0x02,  0x52, 0x0a,  0x52, 0x0a,  0x52, 0x0a,
  0x73, 0x0a,  0x52, 0x02,  0x32, 0x02,  0xf1, 0x01,  0xef, 0x01,  0xb1, 0x22,  0x56, 0x5c,  0x7c, 0xa6,  0xdf, 0xdf,  0x7f, 0xdf,  0x36, 0x8d,  0x10, 0x43,
  0x50, 0x53,  0xb8, 0x9d,  0xbf, 0xe7,  0xff, 0xff,  0xde, 0xf7,  0xde, 0xff,  0xff, 0xff,  0xff, 0xff,  0xff, 0xff,  0xff, 0xff,  0xff, 0xff,  0xff, 0xff,
  0xff, 0xff,  0xff, 0xff,  0xff, 0xff,  0xff, 0xff,  0xff, 0xff,  0xff, 0xff,  0xff, 0xff,  0xff, 0xff,  0xff, 0xff,  0xff, 0xff,  0xff, 0xff,  0xff, 0xff,
  0xff, 0xff,  0xff, 0xff,  0xff, 0xff,  0xff, 0xff,  0xff, 0xff,  0xff, 0xff,  0xff, 0xff,  0xff, 0xff,  0xff, 0xff,  0xff, 0xff,  0xff, 0xff,  0xff, 0xff,
  0xff, 0xff,  0xff, 0xff,  0xff, 0xff,  0xff, 0xff,  0xff, 0xff,  0xff, 0xff,  0xff, 0xff,  0xff, 0xff,  0xff, 0xff,  0xff, 0xff,  0xff, 0xff,  0xff, 0xff,
  0xff, 0xff,  0xff, 0xff,  0xff, 0xff,  0xff, 0xff,  0xff, 0xff,  0xff, 0xff,  0xff, 0xff,  0xff, 0xff,  0xff, 0xff,  0xff, 0xff,  0xff, 0xff,  0xff, 0xff,
  0xff, 0xff,  0xff, 0xff,  0xff, 0xff,  0xff, 0xff,  0xfe, 0xff,  0xde, 0xff,  0xde, 0xff,  0xdf, 0xff,  0xff, 0xff,  0xff, 0xf7,  0xdd, 0xc6,  0x96, 0x74,
  0xef, 0x3a,  0x8f, 0x4b,  0xb7, 0x95,  0x9f, 0xd7,  0xdf, 0xe7,  0xdd, 0xc6,  0xf8, 0x84,  0x53, 0x43,  0x30, 0x1a,  0xcf, 0x01,  0xf1, 0x01,  0x12, 0x02,
  0x53, 0x02,  0x53, 0x02,  0x73, 0x02,  0x93, 0x02,  0x92, 0x02,  0x91, 0x02,  0x91, 0x02,  0x72, 0x02,  0x72, 0x02,  0x52, 0x02,  0x52, 0x02,  0x52, 0x02,
  0x72, 0x0a,  0x52, 0x02,  0x52, 0x0a,  0x52, 0x0a,  0x52, 0x02,  0x72, 0x02,  0x93, 0x02,  0xb4, 0x02,  0xb4, 0x02,  0x74, 0x02,  0x32, 0x02,  0xf0, 0x01,
  0xf0, 0x01,  0x2f, 0x0a,  0x11, 0x2b,  0x76, 0x5c,  0x3b, 0xae,  0xbf, 0xdf,  0xdf, 0xdf,  0x7a, 0xae,  0x32, 0x5c,  0xef, 0x32,  0xf3, 0x5b,  0x1a, 0xae,
  0xdf, 0xe7,  0xff, 0xf7,  0xff, 0xf7,  0xdf, 0xf7,  0xff, 0xf7,  0xff, 0xff,  0xff, 0xff,  0xff, 0xff,  0xff, 0xff,  0xff, 0xff,  0xff, 0xff,  0xff, 0xff,
  0xff, 0xff,  0xff, 0xff,  0xff, 0xff,  0xff, 0xff,  0xff, 0xff,  0xff, 0xff,  0xff, 0xff,  0xff, 0xff,  0xff, 0xff,  0xff, 0xff,  0xff, 0xff,  0xff, 0xff,
  0xff, 0xff,  0xff, 0xff,  0xff, 0xff,  0xff, 0xff,  0xff, 0xff,  0xff, 0xff,  0xff, 0xff,  0xff, 0xff,  0xff, 0xff,  0xff, 0xff,  0xff, 0xff,  0xff, 0xff,
  0xff, 0xff,  0xff, 0xff,  0xff, 0xff,  0xff, 0xff,  0xff, 0xff,  0xff, 0xff,  0xff, 0xff,  0xff, 0xff,  0xff, 0xff,  0xff, 0xff,  0xff, 0xff,  0xff, 0xff,
  0xff, 0xff,  0xff, 0xff,  0xff, 0xff,  0xff, 0xff,  0xff, 0xff,  0xff, 0xff,  0xff, 0xff,  0xff, 0xff,  0xff, 0xff,  0xff, 0xff,  0xff, 0xff,  0xff, 0xff,
  0xff, 0xff,  0xff, 0xff,  0xff, 0xff,  0xff, 0xff,  0xff, 0xff,  0xde, 0xff,  0xde, 0xff,  0xde, 0xff,  0xbe, 0xff,  0xdf, 0xf7,  0xff, 0xff,  0xff, 0xff,
  0x7e, 0xe7,  0xb7, 0x9d,  0xcf, 0x53,  0xed, 0x3a,  0xf2, 0x5b,  0xb8, 0x9d,  0x7e, 0xd7,  0xff, 0xe7,  0x9f, 0xcf,  0x3b, 0x9e,  0xd7, 0x6c,  0x93, 0x43,
  0xb2, 0x1a,  0x31, 0x0a,  0xf0, 0x01,  0xf0, 0x01,  0xf0, 0x01,  0x11, 0x02,  0x31, 0x02,  0x11, 0x02,  0x31, 0x02,  0x31, 0x02,  0x31, 0x02,  0x31, 0x02,
  0x51, 0x02,  0x31, 0x02,  0x31, 0x02,  0x11, 0x02,  0x10, 0x02,  0xef, 0x01,  0xee, 0x01,  0xee, 0x01,  0x2e, 0x0a,  0x8f, 0x1a,  0x32, 0x33,  0x75, 0x5c,
  0x99, 0x8d,  0x1e, 0xc7,  0xdf, 0xef,  0xbf, 0xe7,  0x7b, 0xb6,  0x74, 0x74,  0xee, 0x42,  0x0e, 0x4b,  0xd4, 0x84,  0xfc, 0xce,  0xff, 0xf7,  0xff, 0xff,
  0xdf, 0xf7,  0xdf, 0xf7,  0xdf, 0xf7,  0xff, 0xff,  0xff, 0xff,  0xdf, 0xff,  0xff, 0xff,  0xff, 0xff,  0xff, 0xff,  0xff, 0xff,  0xff, 0xff,  0xff, 0xff,
  0xff, 0xff,  0xff, 0xff,  0xff, 0xff,  0xff, 0xff,  0xff, 0xff,  0xff, 0xff,  0xff, 0xff,  0xff, 0xff,  0xff, 0xff,  0xff, 0xff,  0xff, 0xff,  0xff, 0xff,
  0xff, 0xff,  0xff, 0xff,  0xff, 0xff,  0xff, 0xff,  0xff, 0xff,  0xff, 0xff,  0xff, 0xff,  0xff, 0xff,  0xff, 0xff,  0xff, 0xff,  0xff, 0xff,  0xff, 0xff,
  0xff, 0xff,  0xff, 0xff,  0xff, 0xff,  0xff, 0xff,  0xff, 0xff,  0xff, 0xff,  0xff, 0xff,  0xff, 0xff,  0xff, 0xff,  0xff, 0xff,  0xff, 0xff,  0xff, 0xff,
  0xff, 0xff,  0xff, 0xff,  0xff, 0xff,  0xff, 0xff,  0xff, 0xff,  0xff, 0xff,  0xff, 0xff,  0xff, 0xff,  0xff, 0xff,  0xff, 0xff,  0xff, 0xff,  0xff, 0xff,
  0xff, 0xff,  0xff, 0xff,  0xff, 0xff,  0xff, 0xff,  0xff, 0xff,  0xff, 0xff,  0xff, 0xff,  0xff, 0xff,  0xff, 0xff,  0xff, 0xff,  0xfe, 0xf7,  0xdd, 0xff,
  0xfe, 0xff,  0xff, 0xff,  0xff, 0xff,  0x1d, 0xcf,  0x57, 0x85,  0x91, 0x4b,  0xef, 0x32,  0xb1, 0x4b,  0x15, 0x85,  0x7a, 0xb6,  0x9e, 0xdf,  0xff, 0xef,
  0xdf, 0xdf,  0x3d, 0xbf,  0x7b, 0xa6,  0x99, 0x8d,  0xb6, 0x6c,  0x14, 0x54,  0xb3, 0x43,  0x52, 0x33,  0x31, 0x33,  0x11, 0x2b,  0xf0, 0x2a,  0xd0, 0x22,
  0xf1, 0x2a,  0x11, 0x2b,  0x52, 0x2b,  0x93, 0x3b,  0x14, 0x54,  0x95, 0x64,  0x37, 0x85,  0x19, 0xa6,  0xdc, 0xc6,  0x9e, 0xd7,  0xff, 0xe7,  0xbf, 0xdf,
  0xbc, 0xc6,  0x57, 0x9d,  0xb3, 0x6b,  0xd0, 0x4a,  0x11, 0x43,  0xb5, 0x74,  0x7a, 0xbe,  0xff, 0xef,  0xff, 0xff,  0xff, 0xff,  0xbe, 0xff,  0xdd, 0xf7,
  0xfe, 0xff,  0xfe, 0xff,  0xff, 0xff,  0xff, 0xff,  0xff, 0xff,  0xff, 0xff,  0xff, 0xff,  0xff, 0xff,  0xff, 0xff,  0xff, 0xff,  0xff, 0xff,  0xff, 0xff,
  0xff, 0xff,  0xff, 0xff,  0xff, 0xff,  0xff, 0xff,  0xff, 0xff,  0xff, 0xff,  0xff, 0xff,  0xff, 0xff,  0xff, 0xff,  0xff, 0xff,  0xff, 0xff,  0xff, 0xff,
  0xff, 0xff,  0xff, 0xff,  0xff, 0xff,  0xff, 0xff,  0xff, 0xff,  0xff, 0xff,  0xff, 0xff,  0xff, 0xff,  0xff, 0xff,  0xff, 0xff,  0xff, 0xff,  0xff, 0xff,
  0xff, 0xff,  0xff, 0xff,  0xff, 0xff,  0xff, 0xff,  0xff, 0xff,  0xff, 0xff,  0xff, 0xff,  0xff, 0xff,  0xff, 0xff,  0xff, 0xff,  0xff, 0xff,  0xff, 0xff,
  0xff, 0xff,  0xff, 0xff,  0xff, 0xff,  0xff, 0xff,  0xff, 0xff,  0xff, 0xff,  0xff, 0xff,  0xff, 0xff,  0xff, 0xff,  0xff, 0xff,  0xff, 0xff,  0xff, 0xff,
  0xff, 0xff,  0xff, 0xff,  0xff, 0xff,  0xff, 0xff,  0xff, 0xff,  0xff, 0xff,  0xff, 0xff,  0xff, 0xff,  0xff, 0xff,  0xff, 0xff,  0xff, 0xf7,  0xff, 0xef,
  0xff, 0xf7,  0xbf, 0xff,  0xbf, 0xff,  0xff, 0xff,  0xff, 0xff,  0xff, 0xff,  0x1d, 0xdf,  0xb8, 0xad,  0x54, 0x7c,  0x50, 0x53,  0x10, 0x43,  0x72, 0x4b,
  0x14, 0x6c,  0x17, 0x8d,  0xfa, 0xad,  0xdd, 0xc6,  0x5e, 0xcf,  0xbf, 0xdf,  0xdf, 0xdf,  0xff, 0xe7,  0xdf, 0xe7,  0xbf, 0xdf,  0xbf, 0xe7,  0xbf, 0xe7,
  0xbf, 0xdf,  0xbf, 0xe7,  0xdf, 0xe7,  0xdf, 0xe7,  0xbf, 0xdf,  0x7e, 0xd7,  0x1d, 0xc7,  0x7b, 0xae,  0x98, 0x8d,  0x76, 0x74,  0x73, 0x53,  0x10, 0x43,
  0x0f, 0x4b,  0xf2, 0x63,  0x57, 0x8d,  0xdc, 0xbe,  0xdf, 0xf7,  0xff, 0xff,  0xff, 0xff,  0xff, 0xff,  0xdf, 0xf7,  0xdf, 0xff,  0xff, 0xff,  0xfe, 0xff,
  0xfe, 0xff,  0xff, 0xff,  0xff, 0xff,  0xff, 0xff,  0xff, 0xff,  0xff, 0xff,  0xff, 0xff,  0xff, 0xff,  0xff, 0xff,  0xff, 0xff,  0xff, 0xff,  0xff, 0xff,
  0xff, 0xff,  0xff, 0xff,  0xff, 0xff,  0xff, 0xff,  0xff, 0xff,  0xff, 0xff,  0xff, 0xff,  0xff, 0xff,  0xff, 0xff,  0xff, 0xff,  0xff, 0xff,  0xff, 0xff,
  0xff, 0xff,  0xff, 0xff,  0xff, 0xff,  0xff, 0xff,  0xff, 0xff,  0xff, 0xff,  0xff, 0xff,  0xff, 0xff,  0xff, 0xff,  0xff, 0xff,  0xff, 0xff,  0xff, 0xff,
  0xff, 0xff,  0xff, 0xff,  0xff, 0xff,  0xff, 0xff,  0xff, 0xff,  0xff, 0xff,  0xff, 0xff,  0xff, 0xff,  0xff, 0xff,  0xff, 0xff,  0xff, 0xff,  0xff, 0xff,
  0xff, 0xff,  0xff, 0xff,  0xff, 0xff,  0xff, 0xff,  0xff, 0xff,  0xff, 0xff,  0xff, 0xff,  0xff, 0xff,  0xff, 0xff,  0xff, 0xff,  0xff, 0xff,  0xff, 0xff,
  0xff, 0xff,  0xff, 0xff,  0xff, 0xff,  0xff, 0xff,  0xff, 0xff,  0xff, 0xff,  0xff, 0xff,  0xff, 0xff,  0xff, 0xff,  0xff, 0xff,  0xdf, 0xff,  0xdf, 0xff,
  0xff, 0xff,  0xff, 0xff,  0xfe, 0xf7,  0xfe, 0xff,  0xde, 0xff,  0xbd, 0xff,  0xff, 0xff,  0xff, 0xff,  0xff, 0xff,  0xdf, 0xef,  0x3e, 0xd7,  0x3b, 0xb6,
  0x38, 0x8d,  0x35, 0x6c,  0xb3, 0x5b,  0x31, 0x4b,  0x11, 0x43,  0x31, 0x4b,  0x52, 0x53,  0x92, 0x53,  0xd2, 0x5b,  0xf3, 0x5b,  0x13, 0x5c,  0x13, 0x64,
  0xf3, 0x5b,  0xd3, 0x5b,  0x92, 0x53,  0x71, 0x4b,  0x51, 0x43,  0x30, 0x43,  0x30, 0x4b,  0x91, 0x53,  0x13, 0x64,  0xd6, 0x84,  0xda, 0xa5,  0xdd, 0xc6,
  0xbf, 0xe7,  0xff, 0xf7,  0xff, 0xff,  0xff, 0xff,  0xde, 0xff,  0xde, 0xff,  0xdf, 0xff,  0xdf, 0xff,  0xff, 0xff,  0xff, 0xff,  0xff, 0xff,  0xff, 0xff,
  0xff, 0xff,  0xdf, 0xff,  0xff, 0xff,  0xff, 0xff,  0xff, 0xff,  0xff, 0xff,  0xff, 0xff,  0xff, 0xff,  0xff, 0xff,  0xff, 0xff,  0xff, 0xff,  0xff, 0xff,
  0xff, 0xff,  0xff, 0xff,  0xff, 0xff,  0xff, 0xff,  0xff, 0xff,  0xff, 0xff,  0xff, 0xff,  0xff, 0xff,  0xff, 0xff,  0xff, 0xff,  0xff, 0xff,  0xff, 0xff,
  0xff, 0xff,  0xff, 0xff,  0xff, 0xff,  0xff, 0xff,  0xff, 0xff,  0xff, 0xff,  0xff, 0xff,  0xff, 0xff,  0xff, 0xff,  0xff, 0xff,  0xff, 0xff,  0xff, 0xff,
  0xff, 0xff,  0xff, 0xff,  0xff, 0xff,  0xff, 0xff,  0xff, 0xff,  0xff, 0xff,  0xff, 0xff,  0xff, 0xff,  0xff, 0xff,  0xff, 0xff,  0xff, 0xff,  0xff, 0xff,
  0xff, 0xff,  0xff, 0xff,  0xff, 0xff,  0xff, 0xff,  0xff, 0xff,  0xff, 0xff,  0xff, 0xff,  0xff, 0xff,  0xff, 0xff,  0xff, 0xff,  0xff, 0xff,  0xff, 0xff,
  0xff, 0xff,  0xff, 0xff,  0xff, 0xff,  0xff, 0xff,  0xff, 0xff,  0xff, 0xff,  0xff, 0xff,  0xff, 0xff,  0xff, 0xff,  0xff, 0xff,  0xdf, 0xff,  0xdf, 0xff,
  0xff, 0xff,  0xff, 0xff,  0xff, 0xf7,  0xff, 0xf7,  0xff, 0xff,  0xff, 0xff,  0xff, 0xff,  0xff, 0xff,  0xfe, 0xf7,  0xfe, 0xf7,  0xff, 0xff,  0xff, 0xff,
  0xff, 0xff,  0xff, 0xf7,  0xff, 0xf7,  0xbf, 0xe7,  0x5e, 0xdf,  0xfd, 0xce,  0x9c, 0xc6,  0x3b, 0xb6,  0xfa, 0xa5,  0xd9, 0xa5,  0xb9, 0x9d,  0x99, 0x9d,
  0xb9, 0xa5,  0xd9, 0xa5,  0x1a, 0xae,  0x7b, 0xb6,  0xdd, 0xc6,  0x3e, 0xd7,  0x9f, 0xe7,  0xff, 0xf7,  0xff, 0xff,  0xff, 0xff,  0xff, 0xff,  0xff, 0xff,
  0xff, 0xff,  0xdf, 0xff,  0xdf, 0xff,  0xdf, 0xff,  0xdf, 0xff,  0xff, 0xff,  0xff, 0xff,  0xfe, 0xff,  0xff, 0xff,  0xff, 0xff,  0xff, 0xff,  0xff, 0xff,
  0xff, 0xff,  0xff, 0xff,  0xff, 0xff,  0xff, 0xff,  0xff, 0xff,  0xff, 0xff,  0xff, 0xff,  0xff, 0xff,  0xff, 0xff,  0xff, 0xff,  0xff, 0xff,  0xff, 0xff,
  0xff, 0xff,  0xff, 0xff,  0xff, 0xff,  0xff, 0xff,  0xff, 0xff,  0xff, 0xff,  0xff, 0xff,  0xff, 0xff,  0xff, 0xff,  0xff, 0xff,  0xff, 0xff,  0xff, 0xff,
  0xff, 0xff,  0xff, 0xff,  0xff, 0xff,  0xff, 0xff,  0xff, 0xff,  0xff, 0xff,  0xff, 0xff,  0xff, 0xff,  0xff, 0xff,  0xff, 0xff,  0xff, 0xff,  0xff, 0xff,
  0xff, 0xff,  0xff, 0xff,  0xff, 0xff,  0xff, 0xff,  0xff, 0xff,  0xff, 0xff,  0xff, 0xff,  0xff, 0xff,  0xff, 0xff,  0xff, 0xff,  0xff, 0xff,  0xff, 0xff,
  0xff, 0xff,  0xff, 0xff,  0xff, 0xff,  0xff, 0xff,  0xff, 0xff,  0xff, 0xff,  0xff, 0xff,  0xff, 0xff,  0xff, 0xff,  0xff, 0xff,  0xff, 0xff,  0xff, 0xff,
  0xff, 0xff,  0xff, 0xff,  0xff, 0xff,  0xff, 0xff,  0xff, 0xff,  0xff, 0xff,  0xff, 0xff,  0xff, 0xff,  0xff, 0xff,  0xff, 0xff,  0xff, 0xff,  0xff, 0xff,
  0xff, 0xff,  0xff, 0xff,  0xff, 0xff,  0xff, 0xff,  0xff, 0xff,  0xff, 0xff,  0xff, 0xff,  0xff, 0xff,  0xff, 0xff,  0xff, 0xf7,  0xff, 0xf7,  0xff, 0xf7,
  0xdf, 0xff,  0xdf, 0xff,  0xdf, 0xff,  0xff, 0xff,  0xff, 0xff,  0xff, 0xff,  0xff, 0xff,  0xff, 0xff,  0xff, 0xff,  0xff, 0xff,  0xff, 0xff,  0xff, 0xff,
  0xff, 0xff,  0xff, 0xff,  0xff, 0xff,  0xff, 0xff,  0xff, 0xff,  0xff, 0xff,  0xff, 0xff,  0xff, 0xff,  0xdf, 0xff,  0xde, 0xff,  0xde, 0xff,  0xde, 0xff,
  0xfe, 0xff,  0xff, 0xff,  0xff, 0xff,  0xfe, 0xff,  0xff, 0xff,  0xff, 0xff,  0xff, 0xff,  0xff, 0xff,  0xff, 0xff,  0xff, 0xff,  0xff, 0xff,  0xff, 0xff,
  0xff, 0xff,  0xff, 0xff,  0xff, 0xff,  0xff, 0xff,  0xff, 0xff,  0xff, 0xff,  0xff, 0xff,  0xff, 0xff,  0xff, 0xff,  0xff, 0xff,  0xff, 0xff,  0xff, 0xff,
  0xff, 0xff,  0xff, 0xff,  0xff, 0xff,  0xff, 0xff,  0xff, 0xff,  0xff, 0xff,  0xff, 0xff,  0xff, 0xff,  0xff, 0xff,  0xff, 0xff,  0xff, 0xff,  0xff, 0xff,
  0xff, 0xff,  0xff, 0xff,  0xff, 0xff,  0xff, 0xff,  0xff, 0xff,  0xff, 0xff,  0xff, 0xff,  0xff, 0xff,  0xff, 0xff,  0xff, 0xff,  0xff, 0xff,  0xff, 0xff,

};

const lv_img_dsc_t boot_logo = {
  .header.cf = LV_IMG_CF_TRUE_COLOR,
  .header.always_zero = 0,
  .header.reserved = 0,
  .header.w = 120,
  .header.h = 120,
  .data_size = 28800,
  .data = boot_logo_map,
};
